uuid, epsilon, delta, n_categories, n_queries, n_users
51c128e1-cbb4-4952-9c19-595aa8664f23,0.1,0.0001,10,5,100
e8138146-5fc0-48fa-9e24-657001c912c4,0.1,0.0001,10,5,100
1946e975-77ce-4589-808e-d89b0e1e643b,0.1,0.0001,10,5,100
4537b392-b0ae-4f6d-864d-b0c426f777c7,0.1,0.0001,10,5,100
8e03c078-f873-49ef-bcf5-d380d1813489,0.1,0.0001,10,5,100
54ae279c-3c09-4333-9415-09b9389a3031,0.1,0.0001,100,5,100
07090ec0-2392-4197-8c5a-405dc920a5e7,0.1,0.0001,100,5,100
b120ed61-2aa1-4329-ad73-43002c1443db,0.1,0.0001,100,5,100
5c6a4c88-a657-46bf-8a02-72cbda2d1bf9,0.1,0.0001,100,5,100
da8b09e3-fc97-49e4-8816-cdc2af00cbf7,0.1,0.0001,100,5,100
40d8077c-6c01-4fc3-bce9-6f1fda79cf8d,0.1,0.0001,1000,5,100
452a145e-f999-47c1-9687-c1100713104b,0.1,0.0001,1000,5,100
c1f0f416-0353-4c49-9a69-80409594780b,0.1,0.0001,1000,5,100
c1210ceb-f2e5-4eb3-bd48-bc5b6e1157f9,0.1,0.0001,1000,5,100
c0e0e534-2981-4a05-a6e1-3fe1a7693247,0.1,0.0001,1000,5,100
8cab2190-88d5-4ea8-8148-e7c19b3b74cd,0.1,0.001,10,5,100
42840927-cee8-4c9f-934b-0c8a49c9c745,0.1,0.001,10,5,100
36ae525e-0f1c-41e2-b1ab-3a0b394d8feb,0.1,0.001,10,5,100
c9073b2e-a3d6-432a-b116-b22d91a5a7f3,0.1,0.001,10,5,100
7567a98e-d9dd-4be3-9ac4-7f9e9f1b567c,0.1,0.001,10,5,100
6a305cc4-de10-492d-b157-fb0c83837de9,0.1,0.001,100,5,100
9e4803a5-c089-431b-9b05-3789ad7f9190,0.1,0.001,100,5,100
9b4ca040-0252-481d-84d4-466bc07470c4,0.1,0.001,100,5,100
ba242e48-af0e-4a4d-9298-384b7e780c3b,0.1,0.001,100,5,100
df0b1f3d-fe8d-4a46-85ec-1d6bdd59ec60,0.1,0.001,100,5,100
b8110cf3-7c44-4ec3-b065-d2ce1270c92f,0.1,0.001,1000,5,100
27720531-e5fe-4d61-8971-51f10f9606be,0.1,0.001,1000,5,100
8f937f8c-65e5-4d12-8993-fe819c267b9d,0.1,0.001,1000,5,100
12db9728-58ae-4064-997b-8864960e031c,0.1,0.001,1000,5,100
b5b2bb35-c677-4b3a-a1d8-37d0b070b283,0.1,0.001,1000,5,100
a20b7cdf-8f57-4b1f-a44f-296e2f87376a,0.1,0.01,10,5,100
5c35f67f-6898-4bd0-bf9a-1d8c00e3b073,0.1,0.01,10,5,100
00bb25c9-969c-4883-9652-a25c15a1f23e,0.1,0.01,10,5,100
199e00ea-391d-4a0c-823e-d16521c1ffb9,0.1,0.01,10,5,100
48334a99-5d6f-4b1b-9ad4-b4331d5b66dd,0.1,0.01,10,5,100
733556ee-9811-48a1-8e11-fadc1d06a74f,0.1,0.01,100,5,100
b69e3eeb-b589-40ce-ad13-d054b2e3de62,0.1,0.01,100,5,100
46b3b17d-b9f8-45c7-8e6f-ef985938a6c8,0.1,0.01,100,5,100
28d10c11-cea9-45fa-bb57-770097141470,0.1,0.01,100,5,100
705a821e-3551-4430-9bf4-d053a651b972,0.1,0.01,100,5,100
f394ce1d-e926-4ba9-ba13-6ed5ae5bed53,0.1,0.01,1000,5,100
f17605e7-40a1-4715-ab51-70d10aa731cf,0.1,0.01,1000,5,100
a23023b9-be9b-470b-8d5b-208facd687c5,0.1,0.01,1000,5,100
7f791e3e-c08d-4e6a-809e-85f9c04aec0c,0.1,0.01,1000,5,100
94fdb6d7-9540-4387-9a97-b6a25f571233,0.1,0.01,1000,5,100
742d1675-d183-42ff-b7db-4e6ffe6b5546,0.2,0.0001,10,5,100
d505767a-7231-473a-b49d-27dbed9ef4fc,0.2,0.0001,10,5,100
5760a2ad-7335-4c76-b1ba-bfc21035f20c,0.2,0.0001,10,5,100
41b2281c-7016-4ebf-8cac-379837ddb557,0.2,0.0001,10,5,100
9a6525f6-e347-487f-854e-5d3463e3aa4c,0.2,0.0001,10,5,100
6b150339-8571-4c54-b1f1-fbc4ffb24652,0.2,0.0001,100,5,100
d7af098f-940b-43c9-8b10-975f10f6d160,0.2,0.0001,100,5,100
dad31a93-f957-484f-98d4-7365238e9e06,0.2,0.0001,100,5,100
da78a6dc-6a6d-484f-97fd-8344d5759b5e,0.2,0.0001,100,5,100
e996ca19-8879-4711-8a0c-dc5344d4dddd,0.2,0.0001,100,5,100
4557c57e-1812-4920-9109-155b944f04f1,0.2,0.0001,1000,5,100
c005f697-7f46-4c47-9a8a-a6e7bb5c9d31,0.2,0.0001,1000,5,100
e3ab1c08-9f95-422f-a9f3-c22742892b50,0.2,0.0001,1000,5,100
2150e158-1ae2-4286-9e56-a66b8ee547bd,0.2,0.0001,1000,5,100
f10dfd83-c072-4a41-83a6-4113e465aff1,0.2,0.0001,1000,5,100
aa5a0a56-c7f7-447a-bc64-c4a9a5a94fc4,0.2,0.001,10,5,100
36310c25-e3eb-4be7-92e3-0293ba056f54,0.2,0.001,10,5,100
67eccf3d-8603-464e-a863-b4c2e4ecc95e,0.2,0.001,10,5,100
629de1ed-0427-4258-8304-236fe85137bd,0.2,0.001,10,5,100
5cc13760-0f02-4b1f-bbac-67396a6194e1,0.2,0.001,10,5,100
20bf66a3-2e2b-4861-93a7-edb8303bca79,0.2,0.001,100,5,100
98297db5-6bb3-4a5b-a9e7-d3e6208e59b5,0.2,0.001,100,5,100
6a3a2aac-7bb7-472a-815d-3948137c42d6,0.2,0.001,100,5,100
02a8728f-fe4e-41d1-880f-f68d599a09db,0.2,0.001,100,5,100
9c0f7ec6-74ab-4dd5-aae7-c7bff941901a,0.2,0.001,100,5,100
f0ba0f38-ae27-49f2-95fc-3f17d26ae85b,0.2,0.001,1000,5,100
85d49c3f-a6a7-40ae-863a-ee14ecea1eef,0.2,0.001,1000,5,100
342b3e83-d691-4800-baf8-bf7664270984,0.2,0.001,1000,5,100
4b8df93f-a2f4-45bc-8167-2b7f600a6451,0.2,0.001,1000,5,100
52440ded-c427-4679-9c9c-d5f6d0eac55a,0.2,0.001,1000,5,100
22a32fe9-3093-49d6-a862-fc9f4e737c0c,0.2,0.01,10,5,100
b60e68f7-e36b-42b8-8d80-79ca482abf02,0.2,0.01,10,5,100
54284308-4568-491e-b9f0-b41893e5884d,0.2,0.01,10,5,100
6297f74c-b06f-47d2-bdf1-45bfdf37d445,0.2,0.01,10,5,100
ac6a900d-6529-423a-822c-69c2726fd93d,0.2,0.01,10,5,100
041f678a-7bee-455f-b916-c3c4faf1ef2d,0.2,0.01,100,5,100
c4d2fc5e-0c60-4182-81b4-a470d393740b,0.2,0.01,100,5,100
c75cd348-a09c-4c00-8e89-448eeec252a6,0.2,0.01,100,5,100
12cb90d7-852c-4f7e-8dda-c04b6bde64df,0.2,0.01,100,5,100
02d4df6c-8d12-4e57-9452-cb9b2a07f83a,0.2,0.01,100,5,100
ea6c122a-25b3-4aeb-91d9-b1574a8a98ef,0.2,0.01,1000,5,100
c5b809da-8800-4c37-b76d-f10e2bc4b689,0.2,0.01,1000,5,100
90569abf-ed25-495f-a222-8bf33d902cef,0.2,0.01,1000,5,100
083f2618-6627-49a7-9bcc-126901a807e9,0.2,0.01,1000,5,100
d6e8a033-fc6d-4d3d-b327-7cf74cad5d33,0.2,0.01,1000,5,100
7dc6bc9a-b98d-4a68-b557-3454768c4732,0.3,0.0001,10,5,100
74cf32b6-d41f-4a84-914f-dac8cc2e4efa,0.3,0.0001,10,5,100
0d28b503-6f40-488d-8406-82411b700194,0.3,0.0001,10,5,100
8fa30f5b-42aa-48ee-8266-c83b6caf5cdf,0.3,0.0001,10,5,100
e3338f96-7a4c-4d30-b937-fa478dde4cda,0.3,0.0001,10,5,100
685f3b72-81ca-47af-8287-a23bc0f01ed1,0.3,0.0001,100,5,100
9416c768-ab07-43e5-9266-3ab3b9af3878,0.3,0.0001,100,5,100
494806f6-324f-4875-8bc6-c1ce327fce75,0.3,0.0001,100,5,100
d0c051e8-6012-4bdc-ab28-86eb93382f65,0.3,0.0001,100,5,100
44b9d1e1-a3ed-4e3e-a4d6-1329693c1959,0.3,0.0001,100,5,100
e2e200f7-e6e8-4cf2-a6c3-1f49e2cce760,0.3,0.0001,1000,5,100
f8d0a8f7-dd9b-497d-b65f-51e93c5bdb77,0.3,0.0001,1000,5,100
f5994dc6-1b1b-41e5-aa49-762bb414635b,0.3,0.0001,1000,5,100
c2ba83c4-8c53-4ea6-8a57-c18b3d7175b2,0.3,0.0001,1000,5,100
a63b7e2d-7b90-4f5f-aeb4-fe7c492c9ce3,0.3,0.0001,1000,5,100
7144e102-750d-4898-906a-3c7d0854d905,0.3,0.001,10,5,100
e77017a0-633b-4ce8-8fb3-d8d01f1b9619,0.3,0.001,10,5,100
32756047-8b07-4174-9a9d-73f491716d9f,0.3,0.001,10,5,100
e46305b8-85ca-4ca7-ba3c-837e20f5015e,0.3,0.001,10,5,100
c22cb065-1901-4e49-ae2c-f93291acd720,0.3,0.001,10,5,100
d7cfc42d-ba6a-425b-a5ac-e1e89e8e53ea,0.3,0.001,100,5,100
d85034e2-c63d-479f-b239-c1ff43aeb13d,0.3,0.001,100,5,100
9ab1e557-ac25-43c8-a439-774acc339186,0.3,0.001,100,5,100
c2da9f27-6a98-475a-a4b6-fa891d210497,0.3,0.001,100,5,100
5240ccd3-e0fb-49ce-9dd5-20aded80b07d,0.3,0.001,100,5,100
0164fa42-8152-43ae-b82e-41dc557f6b3c,0.3,0.001,1000,5,100
cea31d41-4a0f-4d74-b979-8b4df66ad218,0.3,0.001,1000,5,100
9b49672b-caf0-40d6-b199-7cdd67413909,0.3,0.001,1000,5,100
c15ac792-964b-4e97-90a4-3e80bfb61af2,0.3,0.001,1000,5,100
3a9a6446-226c-4053-9fd4-2d15571b5554,0.3,0.001,1000,5,100
c17453df-dc40-46d5-9fb7-0b3bf51a47cd,0.3,0.01,10,5,100
bc8deaa8-6219-4dc3-8482-e74805172e0a,0.3,0.01,10,5,100
c0cc1a0b-168a-4e10-806b-b9e75bbb244c,0.3,0.01,10,5,100
3458f704-9809-499a-8b13-f0143c01ed58,0.3,0.01,10,5,100
dc0dcefa-270f-4cb9-aeba-b804710e8e94,0.3,0.01,10,5,100
8e1c6c3a-641e-40ea-9e27-7519b2bd88d7,0.3,0.01,100,5,100
b80db6eb-b3b2-46bf-b1be-1ce66e417613,0.3,0.01,100,5,100
8e2a37e6-143e-45d7-9264-8cd2c7365999,0.3,0.01,100,5,100
64739ec2-3f7a-4337-92b7-a3747873cf83,0.3,0.01,100,5,100
5b9c87c9-ec77-4307-bbb2-43f5fa5aa3a7,0.3,0.01,100,5,100
5da95c5c-1cc7-4c11-95ad-ddf9f9da412b,0.3,0.01,1000,5,100
dd32947f-701a-45cf-8db6-3e1628e8d2c4,0.3,0.01,1000,5,100
e211360d-52a7-4c8f-9b41-a60c6b908257,0.3,0.01,1000,5,100
3abc683c-05db-493f-9c15-577de6e663af,0.3,0.01,1000,5,100
7fe5c9cf-5028-4344-8629-ec03b7b6c947,0.3,0.01,1000,5,100
c9ca8327-7f90-42b3-96da-324d3f02c71b,0.4,0.0001,10,5,100
4ec76c6d-71f4-4da1-a88b-0e8dce3a40d7,0.4,0.0001,10,5,100
ffe79957-2db8-41c5-b551-edac507d199c,0.4,0.0001,10,5,100
beb3c146-4e58-46ce-aa75-decd63764ee2,0.4,0.0001,10,5,100
4b84f7c2-57fd-4e71-9125-805c0b730058,0.4,0.0001,10,5,100
76b224d4-0baf-4940-bc33-ec207b8d4e50,0.4,0.0001,100,5,100
f2c11cf5-bf97-46e3-bcee-fb736ec03831,0.4,0.0001,100,5,100
5c2357e9-34c7-40c8-90f2-91c3fc42292e,0.4,0.0001,100,5,100
9fd75747-9644-4143-afd5-ca43d64ca112,0.4,0.0001,100,5,100
d6228a08-e312-4caf-abf0-675daf29ed7b,0.4,0.0001,100,5,100
a00b8769-716c-4245-b023-6009826204b6,0.4,0.0001,1000,5,100
637b73c1-1b86-47bc-8077-903bc4d2a875,0.4,0.0001,1000,5,100
12b67ffa-ce6e-4b53-9f77-d98464b530fd,0.4,0.0001,1000,5,100
412ff09a-f9c0-4d2b-a3e6-5a533eb7b0be,0.4,0.0001,1000,5,100
a4e2dfa0-1f59-4a04-8233-90d6ec809d13,0.4,0.0001,1000,5,100
0c6ad56d-ce55-4d6d-8028-2b5bcb86cc93,0.4,0.001,10,5,100
ac4b9122-c23d-4895-ac5d-751580dd9d80,0.4,0.001,10,5,100
cc8c456b-39a3-4741-bbdd-4a24a84d9689,0.4,0.001,10,5,100
37309447-2c9f-429a-94ba-5844e352ab03,0.4,0.001,10,5,100
6db0da4b-b517-4551-95a7-d3530fc8408c,0.4,0.001,10,5,100
e5febb42-9fc0-4989-8a2b-55a510fa8041,0.4,0.001,100,5,100
23d67c59-8d38-4e01-a2fd-78d0d7f2c4c7,0.4,0.001,100,5,100
ad6c0693-3b5a-46bc-b86d-1ee9b84cf527,0.4,0.001,100,5,100
3ea4ca5f-1642-4c6a-91f2-7f678b22fa48,0.4,0.001,100,5,100
16b9f2af-4357-4254-b10c-4e4527190de9,0.4,0.001,100,5,100
fafc5430-79c3-4c0e-bbd5-38847cd529a4,0.4,0.001,1000,5,100
fbd5b0ae-9b04-4085-a594-2b216844fe96,0.4,0.001,1000,5,100
dff0abbe-a33d-405d-85a3-83d5c04e094c,0.4,0.001,1000,5,100
bf5c5ad5-c0a1-45ee-903d-4b2bdfe7914c,0.4,0.001,1000,5,100
b54f1053-df03-432b-9169-9d2facb981f2,0.4,0.001,1000,5,100
f891a4ce-1bd2-48b7-a4c3-1ebfd57eb59a,0.4,0.01,10,5,100
6c61f12d-7e79-4658-a9a8-2526757c893a,0.4,0.01,10,5,100
49726b8f-a45f-4762-aa53-e61ad4dfd71d,0.4,0.01,10,5,100
81fed629-c385-4ffe-a584-144174147a56,0.4,0.01,10,5,100
47ad518f-86ce-45f7-8b3f-930fd48be8e5,0.4,0.01,10,5,100
06fc18c5-ddeb-4f42-959a-f1d22abb7f04,0.4,0.01,100,5,100
30704af8-7514-4e27-8d6f-97700b0fe219,0.4,0.01,100,5,100
3c19f239-da54-4fd4-904b-ef79bea12419,0.4,0.01,100,5,100
4b46d058-d4d2-4ac7-b235-7b517e06d677,0.4,0.01,100,5,100
624bbab3-1e5e-4386-994e-3f09d12fb23e,0.4,0.01,100,5,100
88d90962-b956-4efd-856e-dde1dc60ba07,0.4,0.01,1000,5,100
79f1c9c8-c865-4162-a0c1-e7bcdcaa4003,0.4,0.01,1000,5,100
970d1ce6-b35b-43ce-b8ac-b5e29a76fb68,0.4,0.01,1000,5,100
2f668a80-fef5-4fe6-b138-1f27d0f7b1b8,0.4,0.01,1000,5,100
df08cf72-cde6-4452-9548-481635049648,0.4,0.01,1000,5,100
dadedc08-2186-45b4-bf6e-ee05becf8885,0.5,0.0001,10,5,100
8c13370b-7502-42fd-ac85-2c3b8d4e00ac,0.5,0.0001,10,5,100
a6e131d6-a1e4-471f-a0bb-8985550565b8,0.5,0.0001,10,5,100
bd64627d-771d-49c4-a7a0-f995944a86fd,0.5,0.0001,10,5,100
700de440-f7d8-4c48-b7a4-156e3406c4fc,0.5,0.0001,10,5,100
f589fb50-c91b-4ce1-a033-61a108fe89f2,0.5,0.0001,100,5,100
9095f59b-81b1-4519-953d-966b132894ac,0.5,0.0001,100,5,100
e411b317-d055-455f-afd1-00dd71eb353c,0.5,0.0001,100,5,100
00f88d0d-8fbe-4dad-9420-821e16d43744,0.5,0.0001,100,5,100
8cdf498b-8284-4eea-8ef3-40e040c37e06,0.5,0.0001,100,5,100
b29b3884-ff67-458e-89b7-c11517171f10,0.5,0.0001,1000,5,100
b85cef30-981e-4d33-9967-6b88b63996c2,0.5,0.0001,1000,5,100
e688aac0-0caa-4544-b547-51825366e7e9,0.5,0.0001,1000,5,100
eaf22d5c-28d8-4934-b4c4-94a0fe276faf,0.5,0.0001,1000,5,100
917766c9-041d-481e-a0ab-28ad2d40bc86,0.5,0.0001,1000,5,100
3c490b00-2758-4c43-ba19-c95274d27b7d,0.5,0.001,10,5,100
1585e13a-21aa-4277-a1bb-b31c022882b9,0.5,0.001,10,5,100
28a798f6-c742-446d-9e4f-63c143d1f21c,0.5,0.001,10,5,100
365ed823-cf96-43e2-ad0a-f00ddc9eaa11,0.5,0.001,10,5,100
0dd788c7-d751-463c-b5a7-2dddc228274e,0.5,0.001,10,5,100
4eb075ab-c558-4b6f-a5f3-b772aeb28259,0.5,0.001,100,5,100
d1ee4ed5-db82-4028-94a5-532a5af1a26d,0.5,0.001,100,5,100
9f7cfb86-9dfa-4676-9ecf-aba82c717f69,0.5,0.001,100,5,100
06103f55-ed08-4d72-87f2-98ed56b540d9,0.5,0.001,100,5,100
2d863367-933b-448b-917d-718319c4b19c,0.5,0.001,100,5,100
d349bc5b-0bf5-41a7-bacc-8e3de6e55d19,0.5,0.001,1000,5,100
306a42dd-cc50-4388-9735-81196e1d9416,0.5,0.001,1000,5,100
ee26346c-056c-44ba-b89d-e18c778cabdc,0.5,0.001,1000,5,100
8f03f220-a378-4983-8b9f-0ed79d8885f1,0.5,0.001,1000,5,100
139b1bae-27b7-4598-a2a9-188dababf761,0.5,0.001,1000,5,100
268ce0eb-6a86-45fe-90b9-735b64cfa9fc,0.5,0.01,10,5,100
3accc2c8-d616-434f-bd0f-eda68b61fa0e,0.5,0.01,10,5,100
aa5fcf36-7aa9-4207-8aba-ecd02f5a238a,0.5,0.01,10,5,100
8f783ab7-c669-4849-b154-c1f0870221af,0.5,0.01,10,5,100
3be81faf-e2e4-4dbb-baac-a6ef71588221,0.5,0.01,10,5,100
a82d7104-2e4c-439c-992a-52142e93e654,0.5,0.01,100,5,100
ada75fa7-76db-4eac-b13f-fb49e189440a,0.5,0.01,100,5,100
eafd8374-3366-4e06-8dd5-04786985d7c8,0.5,0.01,100,5,100
6628ec1d-3aa9-4843-a1fa-d4c717a59f99,0.5,0.01,100,5,100
efe483ae-97aa-431a-a119-432a43073275,0.5,0.01,100,5,100
bd8defad-f25d-453a-a751-3c71d5137adf,0.5,0.01,1000,5,100
a672f64f-08f2-42ad-948f-1797da133001,0.5,0.01,1000,5,100
e1aab4bf-4713-46e5-aa41-344012f6b1d0,0.5,0.01,1000,5,100
2ffbd827-ccf1-4aa0-b80b-105211465d86,0.5,0.01,1000,5,100
dbdbf8d2-0437-4039-afe7-5e6f51374aeb,0.5,0.01,1000,5,100
60300fbb-6a4d-4836-9e29-8ae15f92baaa,1,0.0001,10,5,100
08c46658-d8db-4e2e-983f-5ca5f4d9d9b1,1,0.0001,10,5,100
56b62d55-3680-4581-a6f4-9f12eae8b4c0,1,0.0001,10,5,100
376ff7e2-657f-447b-9223-85f07c81c014,1,0.0001,10,5,100
cab0b62d-a7e2-4b2b-a4aa-7722aa8c5faa,1,0.0001,10,5,100
ba86af3e-5687-4f24-b0f7-da0020784fb0,1,0.0001,100,5,100
cf01a455-5a1c-4648-8239-7c40501d7ceb,1,0.0001,100,5,100
f55ddc14-18c4-4382-88ef-1d12839a73e1,1,0.0001,100,5,100
06797bb5-a74d-4110-93a7-94f33325df40,1,0.0001,100,5,100
51904f9f-6e95-455a-ba08-469915cdf945,1,0.0001,100,5,100
e1c7204a-4382-48b3-b137-71080a1e7b86,1,0.0001,1000,5,100
fff20e62-b69b-47b8-9606-6e5c9199379f,1,0.0001,1000,5,100
665bd3de-b681-4600-9140-ae71f7878f2c,1,0.0001,1000,5,100
dec780bf-e5ec-4f3b-91d3-076a436dc2c5,1,0.0001,1000,5,100
92203ec7-ad07-4513-aa2d-f07ca1d038b9,1,0.0001,1000,5,100
37f01548-8c4a-49f9-9fe3-eed69bc6abc7,1,0.001,10,5,100
48560e23-716a-4291-88e9-5c1bfe29a21f,1,0.001,10,5,100
ca968e95-c0ba-4ee4-804d-25e18e7ee732,1,0.001,10,5,100
fe5d93c2-5786-4c75-a3e9-ab25eaaf6bb8,1,0.001,10,5,100
8a41090c-e5f4-4b9c-a81b-6a4eb43456f3,1,0.001,10,5,100
263a9044-f7fc-436c-8d6b-e98c7f39f018,1,0.001,100,5,100
36043296-9de4-4e32-a7ac-a8c7ffee4cb2,1,0.001,100,5,100
b5e7618b-f5d6-489b-bbd7-3f89a25cfa3d,1,0.001,100,5,100
ba9d6246-5205-4d32-a9e3-130947eac2b8,1,0.001,100,5,100
4b1b95ac-419e-41fc-936c-66a7c7d67627,1,0.001,100,5,100
10fdfcaf-775e-44a8-ae83-76d7455ae97c,1,0.001,1000,5,100
a7851d63-9127-49af-bc5d-463df9190f6a,1,0.001,1000,5,100
b34bb755-0a4a-4b8c-ac20-7d3e37df7641,1,0.001,1000,5,100
eb0e9f05-bed5-4a48-a672-9a21290d1069,1,0.001,1000,5,100
d05aac42-109c-4882-ac93-e123d45e06a2,1,0.001,1000,5,100
7feeb0a3-ad60-48a4-ba5f-fa8b15c5f722,1,0.01,10,5,100
b11e467f-99df-4c5f-a415-b653565cbca8,1,0.01,10,5,100
d817f900-5abe-4acf-b9e6-aa4746e36263,1,0.01,10,5,100
138183fe-2749-4155-a8b3-0191e2eea1ff,1,0.01,10,5,100
aa250d37-493e-446e-990b-f059099e19c5,1,0.01,10,5,100
38635da8-2319-4690-9950-b5ec64e39541,1,0.01,100,5,100
294a963a-5281-4157-b244-81c1f0954b68,1,0.01,100,5,100
a51e883f-4de4-4225-9b76-044800978710,1,0.01,100,5,100
d4dece55-b924-4929-8dd9-b8852de31eb2,1,0.01,100,5,100
5a2ba86f-b411-4611-a265-d6d59227f194,1,0.01,100,5,100
4e9a78f5-bfac-459c-9d0c-655e564a6915,1,0.01,1000,5,100
c7baeb7a-7498-4cd5-95e0-d0d36cf36770,1,0.01,1000,5,100
46fdc5e2-c618-4528-8bce-f2c9fe4502ae,1,0.01,1000,5,100
04d6a7e9-79b1-405e-ba3e-0830d9ff802e,1,0.01,1000,5,100
d252dc84-e9cc-4481-9ea3-4e43a6aa5b7e,1,0.01,1000,5,100
9494dcb3-f0bb-4786-ac3c-055307a1dbc5,0.1,1e-05,100,5,1000
01a28f98-3bc2-4f9f-b859-5bc8a09d39fb,0.1,1e-05,100,5,1000
9d81fc5d-6e1a-44c8-a860-1d3828899744,0.1,1e-05,100,5,1000
50604466-2707-4b9a-86db-650437dea771,0.1,1e-05,100,5,1000
12b0bcaa-9a97-4ac9-be9d-cff0caed3314,0.1,1e-05,100,5,1000
6d7f906c-b92f-4c13-aebc-dfffa0a5ca0d,0.1,1e-05,1000,5,1000
4d25bc50-ac57-4f83-a955-a5c79ca53e21,0.1,1e-05,1000,5,1000
191d9ec9-edd8-4755-8fac-b1b0da4cc4e3,0.1,1e-05,1000,5,1000
4d1f69ad-3ee2-400d-b6c5-d6cec4c9f36a,0.1,1e-05,1000,5,1000
b4cf9ee3-47e3-4d13-b055-2d617a259b4d,0.1,1e-05,1000,5,1000
c9fd8e9c-1c35-4ade-b299-f9147130761c,0.1,1e-05,10000,5,1000
4452cad6-e5ce-43a7-95ac-4189f3187bcc,0.1,1e-05,10000,5,1000
b354cce9-3f1b-4e52-810b-952b674ef6da,0.1,1e-05,10000,5,1000
72dafd2a-58dc-44a7-81c7-f4086c696a87,0.1,1e-05,10000,5,1000
024ccf37-2333-4049-a8d1-ddb25c96f2b8,0.1,1e-05,10000,5,1000
6de0e96d-b750-4317-985b-2aa050c4b216,0.1,0.0001,100,5,1000
6613ff15-0939-4d53-ab00-8b0a49523d2d,0.1,0.0001,100,5,1000
a104e070-02c4-4bd9-b6e3-aa8ab622e783,0.1,0.0001,100,5,1000
a5509822-7f07-4b10-a5a9-92927a960221,0.1,0.0001,100,5,1000
7af638a4-5d4d-4b83-8006-52c0d9e45394,0.1,0.0001,100,5,1000
cf5d222f-5094-406d-b154-757710c32bf1,0.1,0.0001,1000,5,1000
a64a4c66-2b0e-4f52-8670-0db62820b4cc,0.1,0.0001,1000,5,1000
ec8374f5-b625-416f-939f-0fa01e90db56,0.1,0.0001,1000,5,1000
fa5e13af-a505-4072-acad-b28f16df5d08,0.1,0.0001,1000,5,1000
1a947ae4-525d-445f-baff-4252201438d7,0.1,0.0001,1000,5,1000
294f9da1-faba-4139-b410-ae80e72d904e,0.1,0.0001,10000,5,1000
fe3e64b1-297f-402d-b54c-9b5fa1527184,0.1,0.0001,10000,5,1000
42068082-11b6-4e70-9222-32918a729ee9,0.1,0.0001,10000,5,1000
e64cedfd-6dbb-4b6c-8a97-b3b299c108d6,0.1,0.0001,10000,5,1000
b1d2a5d8-593f-4914-ad64-aa2fd9b9c9fe,0.1,0.0001,10000,5,1000
8cbc62b5-9ed8-4f3a-b9aa-d66b61d05c1a,0.1,0.001,100,5,1000
df26ae50-8194-476f-94e3-55dc100b35cf,0.1,0.001,100,5,1000
cd8ef037-1aae-4329-9757-3eb8efdeeab0,0.1,0.001,100,5,1000
e42a209e-ce25-4b06-a93f-aa9ef768d525,0.1,0.001,100,5,1000
5c75d167-2275-4cf6-8116-9e5797a58462,0.1,0.001,100,5,1000
34d16b4a-a519-462c-a55b-cb69ac87fa00,0.1,0.001,1000,5,1000
8a11114e-3bb7-4c49-b130-d832571f749c,0.1,0.001,1000,5,1000
66bc5af7-a8db-48e1-a738-b8de16e75d77,0.1,0.001,1000,5,1000
c9f9f069-aa30-46ca-8eae-f65a5d073ad3,0.1,0.001,1000,5,1000
a71ec84b-7973-43d4-a6b6-f48c6b29f3e1,0.1,0.001,1000,5,1000
b75681df-b0e3-4b21-a70a-793bae3eab00,0.1,0.001,10000,5,1000
e79c0bbc-9093-4337-9052-075dc7b722fa,0.1,0.001,10000,5,1000
13c31c45-2380-40a3-9ce8-6d06b5d9f772,0.1,0.001,10000,5,1000
dcfe7e23-803f-47ac-9a12-441eaf4cc312,0.1,0.001,10000,5,1000
c5ac021b-30b5-4157-8d51-9705d3dda4c0,0.1,0.001,10000,5,1000
3286c2b8-362a-4539-8f79-51a63fcbdc77,0.2,1e-05,100,5,1000
3bba1f07-5d02-4a07-8172-b5423a0162c3,0.2,1e-05,100,5,1000
60b785ef-2ddc-4d26-86bb-5a72fb6b1d81,0.2,1e-05,100,5,1000
e52b6d62-5ee7-433d-bb2b-8e57ca8606d6,0.2,1e-05,100,5,1000
537ff3fa-1ad6-4125-91f0-21eaf083b10d,0.2,1e-05,100,5,1000
e4c5810a-3948-411c-aaa3-bce9f283c240,0.2,1e-05,1000,5,1000
e51910c0-09df-4045-ab66-808b59e8121c,0.2,1e-05,1000,5,1000
2873c3e6-8ebc-48d6-9dae-fb13cbfe5598,0.2,1e-05,1000,5,1000
324bdaaa-0213-457d-8696-65cc59d2d8e5,0.2,1e-05,1000,5,1000
6fa49a73-bbe0-470c-b92b-e2a90e5ebbb3,0.2,1e-05,1000,5,1000
b3a4a973-4385-4802-8c9e-17475e51cda4,0.2,1e-05,10000,5,1000
3a6e722d-907e-4c39-af86-ed755e6646d8,0.2,1e-05,10000,5,1000
a3b71ac8-36c1-49c9-afba-c65b8ffb0834,0.2,1e-05,10000,5,1000
61c9447a-865f-43ed-924d-b932f9864caf,0.2,1e-05,10000,5,1000
f3909aaa-9f2c-43ec-b463-2b5785e29d88,0.2,1e-05,10000,5,1000
54decd4e-bf23-41d5-a2ae-8dd3c8a4a380,0.2,0.0001,100,5,1000
fc3ff365-d803-4a4c-829e-2fa49d0a9a37,0.2,0.0001,100,5,1000
dfceb518-97a1-4809-8cb5-0734295e34bf,0.2,0.0001,100,5,1000
ec1641c7-bd55-4d22-b3b2-cde262b10977,0.2,0.0001,100,5,1000
e887fbf3-5ce0-42d5-a3a4-196ad8bccb2b,0.2,0.0001,100,5,1000
28474c6f-f01e-4202-a13a-33a071005fec,0.2,0.0001,1000,5,1000
85dba2d4-65ce-43f3-8ab4-56ed867816b7,0.2,0.0001,1000,5,1000
c8a75a3b-f610-4b4b-a71d-1b81354098ad,0.2,0.0001,1000,5,1000
316bbf1f-b4da-4ba3-a466-3dcfa018bf27,0.2,0.0001,1000,5,1000
0ef0ccf9-8159-4041-8f26-9743d0b3405a,0.2,0.0001,1000,5,1000
cd5f9c0b-0ff7-4705-bb80-9bc5131ba924,0.2,0.0001,10000,5,1000
b06027b0-c9fd-4a86-8cf9-31d0e1b68f2d,0.2,0.0001,10000,5,1000
03d22a46-b0d3-4995-a27f-d894b698b363,0.2,0.0001,10000,5,1000
4130cd0a-1dfd-4cec-86e5-4074ab60f201,0.2,0.0001,10000,5,1000
1bfa0c14-8c21-4255-a450-12740e1bb6a8,0.2,0.0001,10000,5,1000
f1503ce1-6203-468b-9add-0732f2501585,0.2,0.001,100,5,1000
7d103f43-1038-4636-a40b-a3127e799a59,0.2,0.001,100,5,1000
014c501f-7b1e-453d-944f-0490f6ded8cd,0.2,0.001,100,5,1000
910d0ce2-67b9-4abc-b749-d3a8d9432b5b,0.2,0.001,100,5,1000
57aececb-1125-4f88-a782-1d705138f8dd,0.2,0.001,100,5,1000
2b447b20-2735-452b-8381-b76f171da96d,0.2,0.001,1000,5,1000
9a7fd12b-28de-44e8-b320-89086bfb1339,0.2,0.001,1000,5,1000
1710fcad-24bc-4056-9f69-7f82ef09f25c,0.2,0.001,1000,5,1000
beca8df5-3e67-4fc5-ba3c-b50ffaa43e10,0.2,0.001,1000,5,1000
5f30a76d-c371-47c3-9f37-a20c77ecc2f0,0.2,0.001,1000,5,1000
031089bd-3427-4c8d-8a04-47638a599327,0.2,0.001,10000,5,1000
c08f9cf3-a29a-4b1f-8241-2329a635eab5,0.2,0.001,10000,5,1000
63815430-c7c0-4bd3-9d4e-550915665519,0.2,0.001,10000,5,1000
f4ccc82c-791b-47ac-8b26-b8cafc7c6cff,0.2,0.001,10000,5,1000
d733ca90-41c7-4e30-a7e4-a7bf54f966c7,0.2,0.001,10000,5,1000
43b5576d-5736-4f81-97f6-2eeab5d8b298,0.3,1e-05,100,5,1000
cd3a7876-f26c-46f5-89da-1303599de695,0.3,1e-05,100,5,1000
50336782-99fb-4d7a-951a-668a349fed85,0.3,1e-05,100,5,1000
3e4e88f6-11bf-43b6-8a83-3c0dc934d63c,0.3,1e-05,100,5,1000
40c920c7-97ca-48d8-9bce-55e43c950fb4,0.3,1e-05,100,5,1000
4e47e6b7-9474-4c69-bd10-4c00e5af3b28,0.3,1e-05,1000,5,1000
e155c2bc-9089-4450-9799-909b829c9bea,0.3,1e-05,1000,5,1000
8d77bec0-8f11-4e30-9ad9-503c5d7889a5,0.3,1e-05,1000,5,1000
8374499c-00df-4bc6-a06e-cabf8caa7b87,0.3,1e-05,1000,5,1000
12846a91-a61c-41ff-a591-f65f0584127e,0.3,1e-05,1000,5,1000
6d6c8625-3293-4837-8287-55f15991aa13,0.3,1e-05,10000,5,1000
d78bc6de-a070-42e1-b738-d843bc1f6c13,0.3,1e-05,10000,5,1000
d7222413-ffa8-4503-b813-2d43f221ffec,0.3,1e-05,10000,5,1000
2af46e29-d39a-489b-8e5a-439c8ba5351d,0.3,1e-05,10000,5,1000
fd5f3f68-1a93-47ea-b934-7d2a167727f4,0.3,1e-05,10000,5,1000
38135803-8f5b-4271-9ae7-8eeec83a1e23,0.3,0.0001,100,5,1000
4de04feb-9b38-4607-886c-e10aebce4adf,0.3,0.0001,100,5,1000
14e7430c-a715-43af-8c00-489b2f5b13ed,0.3,0.0001,100,5,1000
119ec15a-176b-43a7-b386-194f446f1801,0.3,0.0001,100,5,1000
22f34325-f8fe-4d9f-bfc8-a25cc5c1a927,0.3,0.0001,100,5,1000
d066bd9b-9844-4584-990e-4fc606a9ed42,0.3,0.0001,1000,5,1000
fd176ed0-7acf-4115-9b73-fb16eb3fd0da,0.3,0.0001,1000,5,1000
696e9ed8-db84-4817-a9c0-8150a93ca387,0.3,0.0001,1000,5,1000
bf13d284-cbcf-4830-9575-8d6a7dc99bce,0.3,0.0001,1000,5,1000
be95cc0e-43f4-458f-a04d-728e3feab500,0.3,0.0001,1000,5,1000
fbcf5431-2c3e-4e3f-8929-b8ab3195ac0c,0.3,0.0001,10000,5,1000
64c21862-5700-4ebd-ba61-b3071e49d722,0.3,0.0001,10000,5,1000
4184160c-1929-4769-b627-a0b453d08626,0.3,0.0001,10000,5,1000
1e52047f-5d32-4ae5-84fa-e4fa8d81c531,0.3,0.0001,10000,5,1000
04a2c0b5-6c7c-4258-9bc0-60fdfe704109,0.3,0.0001,10000,5,1000
d5edd2b2-6cb4-41bc-9bd4-f46c9af3bc05,0.3,0.001,100,5,1000
d2c7f102-9d95-4280-966e-5b15656de20a,0.3,0.001,100,5,1000
186a5c03-f35a-41c6-ba7c-d75f2a24f867,0.3,0.001,100,5,1000
d73d87b7-056a-4b40-a451-51ccde6ccb56,0.3,0.001,100,5,1000
b25173bf-088e-42ce-a860-60beff205d90,0.3,0.001,100,5,1000
51d78a7b-ad9c-4573-9767-42bac1eb6aef,0.3,0.001,1000,5,1000
29439990-0402-4bec-af67-c41395f77358,0.3,0.001,1000,5,1000
13b86958-985c-478f-9567-728e13df6290,0.3,0.001,1000,5,1000
d60f4a9b-e76f-48c9-871a-214cc260b590,0.3,0.001,1000,5,1000
05e153c6-356d-4cff-98e4-2f5912f9ec5e,0.3,0.001,1000,5,1000
efd7555b-ccd0-4696-a42c-b95e9a4de286,0.3,0.001,10000,5,1000
ec8d9f4d-dbbb-4d61-9927-578c2f9f875b,0.3,0.001,10000,5,1000
1f11be9a-c61c-4a71-b440-659af8b05c4a,0.3,0.001,10000,5,1000
9914e304-c339-407c-a9e5-44d72ed7a564,0.3,0.001,10000,5,1000
2fb50676-5dd3-4bf6-a838-4a887628fc7f,0.3,0.001,10000,5,1000
6ea504c0-4d54-412e-8e9a-c87ccd988bee,0.4,1e-05,100,5,1000
72ebd72d-1951-4d6d-b5e0-fca9048e085c,0.4,1e-05,100,5,1000
0e1d2ba6-916c-44e7-b3b8-b0bf1fb02dc4,0.4,1e-05,100,5,1000
5a257e73-d801-4808-a9e2-c4c368c385ac,0.4,1e-05,100,5,1000
db47b24f-b50c-448a-bb18-e13d7f5098c4,0.4,1e-05,100,5,1000
dda88c26-224d-4c39-9854-c516d5ea31df,0.4,1e-05,1000,5,1000
f8380ff3-352c-4aa2-aff4-e67384513d49,0.4,1e-05,1000,5,1000
3c5674f7-4fcd-4891-8916-5040b03e717a,0.4,1e-05,1000,5,1000
ee40b952-04ac-49b6-896e-7023314f3c52,0.4,1e-05,1000,5,1000
cd8f0728-3a74-4599-9c99-07e567466182,0.4,1e-05,1000,5,1000
8ca6abf4-d1de-4ae3-95f2-1bdf05689ecf,0.4,1e-05,10000,5,1000
e7e87484-ed9c-42a2-9299-84384cd98ae1,0.4,1e-05,10000,5,1000
12b53d3f-df3d-4bba-9243-c432d622e61a,0.4,1e-05,10000,5,1000
787f11ef-bc9b-4d5e-8df0-f1b35cd356bb,0.4,1e-05,10000,5,1000
bbd6042e-1b98-4c34-a3d2-1df8940cc5ee,0.4,1e-05,10000,5,1000
ef9c218f-aa40-40d9-9f13-f85969a26ed6,0.4,0.0001,100,5,1000
83ff6033-dd45-4080-b165-15619b002fb8,0.4,0.0001,100,5,1000
04b43c43-efb7-4dda-9b6f-466cfc4594fd,0.4,0.0001,100,5,1000
880e3585-172e-4ecc-a52c-49f1a4a55f32,0.4,0.0001,100,5,1000
b4158f13-89b1-44b5-8b4b-e42e92d723f5,0.4,0.0001,100,5,1000
aca02e6a-2f8f-40eb-b40c-e28f9dacd210,0.4,0.0001,1000,5,1000
d33f6050-4c61-46df-90aa-45a3b177d1c6,0.4,0.0001,1000,5,1000
26c6db05-ea39-467f-ab91-361b8d0c02d4,0.4,0.0001,1000,5,1000
d92eb577-01d9-40f4-acf7-6e71203307c5,0.4,0.0001,1000,5,1000
b85b63e0-502d-4260-b4e3-f5960ea8ae37,0.4,0.0001,1000,5,1000
7c45219a-0875-40bf-b370-72dd48e61c0f,0.4,0.0001,10000,5,1000
9cbb6328-bf8b-4c06-b397-8e640d51e2cc,0.4,0.0001,10000,5,1000
c8b427ff-3cc5-4d17-875e-c73fb011fa46,0.4,0.0001,10000,5,1000
c7b691ef-5805-4a21-a8c0-2d847b2fad64,0.4,0.0001,10000,5,1000
9f47cfad-e54f-439c-9c93-c9ee03fc15d1,0.4,0.0001,10000,5,1000
90557561-5829-4f52-b7fd-ce283105f1b1,0.4,0.001,100,5,1000
5e1da096-0037-4e45-bb04-68ad70985a73,0.4,0.001,100,5,1000
0cf0106b-8f08-4371-8909-7ca75e05c91a,0.4,0.001,100,5,1000
b0aa076a-ec09-4664-8a36-9fc4bef0fa3c,0.4,0.001,100,5,1000
1b41aa81-4ecf-4aca-be18-e33db49ccd74,0.4,0.001,100,5,1000
c8a179a3-cc22-4485-9d91-29a0c63b5df1,0.4,0.001,1000,5,1000
5798f617-2e97-439e-bfe9-4a172901c2da,0.4,0.001,1000,5,1000
e304b4b5-957e-4647-b0c1-657537e25b24,0.4,0.001,1000,5,1000
0e5969f9-43c3-4dc7-ada0-a75eb03b6528,0.4,0.001,1000,5,1000
a834d652-49fd-4f84-9ee2-c4cc4f280c8c,0.4,0.001,1000,5,1000
284ef592-b368-47e4-884e-5dff987d5d82,0.4,0.001,10000,5,1000
6d628180-fae5-4586-b7fb-139f87cc8a0f,0.4,0.001,10000,5,1000
681c3a7b-7cac-45a1-b70c-4468e6eea98e,0.4,0.001,10000,5,1000
2cabe1f3-cc7b-4cdf-87e0-6159636f8d55,0.4,0.001,10000,5,1000
ea2b65f8-c95c-41a5-8573-6c87c2110201,0.4,0.001,10000,5,1000
cb3f3854-981f-48b6-9b6d-c115b391adfc,0.5,1e-05,100,5,1000
a63ec4f0-e24c-4f40-9b76-f0b81c907fc9,0.5,1e-05,100,5,1000
591652f6-af95-4241-9401-26b3bc60599d,0.5,1e-05,100,5,1000
ba5ece82-9053-478f-a061-411a5686ed0b,0.5,1e-05,100,5,1000
907f986b-c8d1-4356-bbde-625fcacd57e1,0.5,1e-05,100,5,1000
a2729380-291b-4a73-8d08-6349bd2d950f,0.5,1e-05,1000,5,1000
7008c35f-a46e-440f-aa86-f580af190da9,0.5,1e-05,1000,5,1000
21c8b9ee-ba3b-4708-907f-c55457a52aa4,0.5,1e-05,1000,5,1000
f5f2adb4-ab05-48a4-8c8d-783e6718d155,0.5,1e-05,1000,5,1000
24bbaada-fb54-422c-9c85-5fb356d43083,0.5,1e-05,1000,5,1000
b8140e86-e016-42ab-8f30-2918ef2bec43,0.5,1e-05,10000,5,1000
ae895abd-3e66-4e4c-a6ab-3fa26b2c7045,0.5,1e-05,10000,5,1000
7e4dbe80-eb72-4905-9933-85e8e00e412c,0.5,1e-05,10000,5,1000
377f0467-8cf9-4f3b-a71a-ae5d28ddc95a,0.5,1e-05,10000,5,1000
343d7659-4d10-43da-9c38-c343de9574da,0.5,1e-05,10000,5,1000
6d47ea72-11c4-4537-b343-e247613e19fd,0.5,0.0001,100,5,1000
62af49c7-1ffc-4622-adf4-b26ee8c4aefb,0.5,0.0001,100,5,1000
c9a586cb-d4a8-4e47-95f3-d2ed68dc1e3c,0.5,0.0001,100,5,1000
1b73fec8-b4e6-4d04-b647-b9cb2e90e98e,0.5,0.0001,100,5,1000
35399428-6ded-4fad-9d0b-f4114c74ccfa,0.5,0.0001,100,5,1000
6777f044-6acf-4955-aade-ff8af4070c54,0.5,0.0001,1000,5,1000
bffd16f9-48c3-4f98-b225-b4a188d1b38e,0.5,0.0001,1000,5,1000
dc069628-2bb7-4372-9309-af4c28b5eb11,0.5,0.0001,1000,5,1000
6c9bc83c-4058-444e-a01f-3f3c27889d22,0.5,0.0001,1000,5,1000
dccfb7dd-d097-40df-91be-1e6f0650e725,0.5,0.0001,1000,5,1000
ad638c0c-0e56-4f71-82ef-b72dd4ddb519,0.5,0.0001,10000,5,1000
39a43682-2181-4a36-81bd-ec59a6827005,0.5,0.0001,10000,5,1000
6544b79e-d409-4a2c-832b-328d98aa0577,0.5,0.0001,10000,5,1000
4896232c-bb1b-4840-9d2f-a3aca054a8e9,0.5,0.0001,10000,5,1000
15703542-dea4-4c6b-92d1-8fdb2aef3866,0.5,0.0001,10000,5,1000
428fbe73-9e93-4c49-b160-80ec80f5e617,0.5,0.001,100,5,1000
21e2d2f2-d2bf-4a17-bf38-0f6f81435eff,0.5,0.001,100,5,1000
146d9d71-18e1-44f4-8ae8-a45bbb05691a,0.5,0.001,100,5,1000
2157d1d4-756e-41cb-a6c8-84a6cfebebfd,0.5,0.001,100,5,1000
d075f5b6-7762-4f99-9476-ce24020cc7ea,0.5,0.001,100,5,1000
e93cc1f6-062b-413c-bcdf-af1ca3b59f19,0.5,0.001,1000,5,1000
1143225b-a00a-4e69-895f-8addb1ea8875,0.5,0.001,1000,5,1000
96776e17-da8d-4f07-aee9-3befec102123,0.5,0.001,1000,5,1000
3baf3a2b-25e8-40ef-89ad-4f17a5e59429,0.5,0.001,1000,5,1000
b406681b-fdad-4d85-8042-68afb4a1bb18,0.5,0.001,1000,5,1000
289c3702-e274-41d2-8c30-a87fd901309d,0.5,0.001,10000,5,1000
ac71050b-c7b8-4e57-a4f5-1bed13dd532c,0.5,0.001,10000,5,1000
ca128f76-87f8-4873-aa78-02240eea343d,0.5,0.001,10000,5,1000
42951ebe-d2fc-455c-802c-8d6e53b12c65,0.5,0.001,10000,5,1000
10caaf4f-bd51-44d8-81e0-10482b1bae21,0.5,0.001,10000,5,1000
956d12ed-66ca-4663-a06c-d24bc0cd7bd2,1,1e-05,100,5,1000
69e2933c-1d1b-4612-abc2-1ab631b1b5c1,1,1e-05,100,5,1000
5aecd6b7-b192-4d0a-a5f5-c414581eac6c,1,1e-05,100,5,1000
734a141d-db29-4673-ab4a-e7cec6a11cc2,1,1e-05,100,5,1000
334bb1af-381e-4aea-886a-9043a1d1ebd3,1,1e-05,100,5,1000
0b443d3c-7bd5-4976-a16b-a0f0b849c193,1,1e-05,1000,5,1000
9df78d6b-b1c3-4d4f-8c50-78662207a892,1,1e-05,1000,5,1000
5e20f3b7-51e1-4ebf-8c90-393c5b8e9f6a,1,1e-05,1000,5,1000
47a171ed-bea4-4459-b099-13debffa1cfb,1,1e-05,1000,5,1000
a6cf7b3a-47f1-4952-a47c-a562d9605da2,1,1e-05,1000,5,1000
4485c4b0-47b2-407b-8eec-495ac71ed045,1,1e-05,10000,5,1000
9a045869-2094-4e0d-b936-9dce4728fba6,1,1e-05,10000,5,1000
fb6ab2be-9869-47d9-835b-4418d839bd14,1,1e-05,10000,5,1000
bdd3d1a9-9a02-4e1c-8120-4cba99722fd7,1,1e-05,10000,5,1000
99e814c9-fa14-42a7-b50a-fd14a7affb22,1,1e-05,10000,5,1000
3704fe4b-400b-4bbb-b33a-8067e3e1352c,1,0.0001,100,5,1000
daee64a8-6cdd-400c-8a7c-aae9127b5813,1,0.0001,100,5,1000
cbf664c6-6379-4afb-822b-5b0f0e84fa05,1,0.0001,100,5,1000
91a22d92-0f48-404e-8c6c-1834e7a4fc0a,1,0.0001,100,5,1000
3eea2d86-0be5-474d-9e99-40ec5fa3b679,1,0.0001,100,5,1000
718d5429-0bde-4dcc-a373-6ecb43924c0a,1,0.0001,1000,5,1000
fa38328c-78b1-4833-be4f-2725ba662e18,1,0.0001,1000,5,1000
e029ee73-c544-42b6-ba30-0469e5b84ce4,1,0.0001,1000,5,1000
c2585111-6a8a-43ec-a20d-4083f57c1458,1,0.0001,1000,5,1000
a99ebf15-00ee-4417-8533-d0e98b68f450,1,0.0001,1000,5,1000
c88293b2-b039-4c18-8d7b-5084b35cea21,1,0.0001,10000,5,1000
7584420f-2184-4bdf-a376-945617e4f13d,1,0.0001,10000,5,1000
9631ac0b-8e62-4084-a95d-347714499824,1,0.0001,10000,5,1000
87faeca4-4e73-4add-8430-a6aa4feefb78,1,0.0001,10000,5,1000
46ce6a42-abf7-415f-b611-988e77ac5570,1,0.0001,10000,5,1000
6aa7c35f-cd55-4954-a6fb-9f8792d308c9,1,0.001,100,5,1000
34bc99e0-2338-492c-a61d-ef412ab3a8b8,1,0.001,100,5,1000
3a105b6a-8f51-43f6-aa57-1aa3bc5e12c7,1,0.001,100,5,1000
18edbff4-a528-4c39-9a81-eadbc404dd77,1,0.001,100,5,1000
167c2df2-1022-4176-9efa-8760b9951458,1,0.001,100,5,1000
66889031-38c2-4412-90f9-4f24ef3ff8bf,1,0.001,1000,5,1000
d08287de-296c-43d5-91f6-6dda4d704264,1,0.001,1000,5,1000
2b892e2f-9a64-4c9f-90b2-41eece22fbf0,1,0.001,1000,5,1000
aab159c2-7459-4e1d-bcc4-95a4b3b32688,1,0.001,1000,5,1000
ebc4ef8e-eabf-4f40-b837-fadb6e191321,1,0.001,1000,5,1000
07c3213b-c1f8-45cc-aa8b-7ef1ca5ea199,1,0.001,10000,5,1000
4b884408-fa75-48da-bcf2-64f96448c200,1,0.001,10000,5,1000
de1a1a5a-bbd3-4aac-9902-4bf99206b247,1,0.001,10000,5,1000
2ff8f901-5bda-4713-922b-ccf1b10f83db,1,0.001,10000,5,1000
d3150e4a-6d9c-488e-8338-a14624dc3285,1,0.001,10000,5,1000
f9ef2d60-a690-4810-9e92-3707ee7c4bd5,0.1,1.0000000000000002e-06,1000,5,10000
3e34a8f9-f77c-4a89-bfe2-d99b32380bc5,0.1,1.0000000000000002e-06,1000,5,10000
da7ca07d-a430-4b5d-9a53-b60ac42b20b0,0.1,1.0000000000000002e-06,1000,5,10000
ab508284-966a-4621-8bdb-1fa9ecde7011,0.1,1.0000000000000002e-06,1000,5,10000
fe7525e7-2959-477d-bd4f-f196f8c7486b,0.1,1.0000000000000002e-06,1000,5,10000
6255ed54-b65c-46b8-9844-f9ddb9f5f447,0.1,1.0000000000000002e-06,10000,5,10000
e49a02b4-b245-43c6-8537-66bbe2c52150,0.1,1.0000000000000002e-06,10000,5,10000
4149eb78-b9cc-42d4-81d6-5422720031db,0.1,1.0000000000000002e-06,10000,5,10000
676412bf-f286-4a21-bb80-22b0d4b615cf,0.1,1.0000000000000002e-06,10000,5,10000
93b4d699-f929-4ae5-bfd8-366873d6252b,0.1,1.0000000000000002e-06,10000,5,10000
551fe58e-32d4-43e4-85f1-15183a47d54a,0.1,1.0000000000000002e-06,100000,5,10000
0d632af4-264d-4a40-92b2-ce309b23b0c4,0.1,1.0000000000000002e-06,100000,5,10000
7eff57cd-089f-4e2e-9a7f-29ff4cc9aa43,0.1,1.0000000000000002e-06,100000,5,10000
48d5d100-5bcc-4420-9d62-f2218ef1a38a,0.1,1.0000000000000002e-06,100000,5,10000
ed9a5a78-3e9d-4991-aa19-35184944ac1c,0.1,1.0000000000000002e-06,100000,5,10000
3a9b2ff6-fd06-44dd-a060-93f274391ffa,0.1,1e-05,1000,5,10000
84cbd39e-4267-47ed-8127-4a94cdea5e6d,0.1,1e-05,1000,5,10000
ba1690f9-2bf1-4acf-94cb-51d2f0bc18a0,0.1,1e-05,1000,5,10000
aed754b5-36bb-4462-b727-9f883fc69c83,0.1,1e-05,1000,5,10000
f2c2bf43-504e-46a3-ab4e-5362ee00dd85,0.1,1e-05,1000,5,10000
30e70ccb-1553-4eca-8fde-563ce2ac1ca1,0.1,1e-05,10000,5,10000
ed0be05c-59ad-4c2c-ac84-13734d8b178f,0.1,1e-05,10000,5,10000
f4bd44ee-fbe6-4e8e-b9f0-9e0aa08e4bae,0.1,1e-05,10000,5,10000
cc4df884-0cce-46c8-98f0-a128ad1d892d,0.1,1e-05,10000,5,10000
0c6c63ab-81c5-48f1-988b-e9b1ffc1938c,0.1,1e-05,10000,5,10000
a0e4ee68-f592-4012-b991-6ad59ffd6ed2,0.1,1e-05,100000,5,10000
8fddd949-b704-42bc-931f-ab9f4c1249fa,0.1,1e-05,100000,5,10000
02d354cb-8e3b-4508-af03-9b5df4d837c7,0.1,1e-05,100000,5,10000
8e256e40-fa66-4440-bb1e-58ab477ca2bd,0.1,1e-05,100000,5,10000
fbe12d58-9989-4bd1-84ce-1d349e84586b,0.1,1e-05,100000,5,10000
e2130d01-361c-4719-898a-43a51c22637a,0.1,0.0001,1000,5,10000
5b363c87-bf30-414c-80d5-6c1b64862b91,0.1,0.0001,1000,5,10000
30ebb87b-cf0a-46a4-a0b0-d6d6dac68fcd,0.1,0.0001,1000,5,10000
3eb47588-84ff-47be-84db-7e38ea5b56c8,0.1,0.0001,1000,5,10000
69200ac7-c381-44d9-8e00-aa25a6ec96b4,0.1,0.0001,1000,5,10000
8870b62e-11ce-4205-9c6d-747f31d97857,0.1,0.0001,10000,5,10000
78c5087c-cda7-43f1-86eb-07381442e93e,0.1,0.0001,10000,5,10000
a8bf36cd-5661-4d7f-a650-288c1e59f7af,0.1,0.0001,10000,5,10000
b41c32a5-015b-4e90-959b-d0f2c2a6005f,0.1,0.0001,10000,5,10000
383a87f6-e73e-45f3-bb43-c6a5a3c4aa16,0.1,0.0001,10000,5,10000
d61f9c3f-603b-41ad-92ee-7c7873315842,0.1,0.0001,100000,5,10000
d07fe8cf-28df-48a3-815d-eff3ae30f5d6,0.1,0.0001,100000,5,10000
79d3f01f-86ee-42ef-aad9-5a406b91a27d,0.1,0.0001,100000,5,10000
5477a157-e320-4211-8854-428aa5310017,0.1,0.0001,100000,5,10000
9f8f49ee-46de-49eb-98f7-fe3505b1c0dc,0.1,0.0001,100000,5,10000
d7264daf-5557-4a49-bd6b-e13566b726b3,0.2,1.0000000000000002e-06,1000,5,10000
f6c8e360-8f3f-4d1c-ba4a-286d13b4c828,0.2,1.0000000000000002e-06,1000,5,10000
461d1da2-0ab3-4d71-b5bb-b97fb3ee95ba,0.2,1.0000000000000002e-06,1000,5,10000
b1799566-24a1-4704-9f2d-4d601f60069f,0.2,1.0000000000000002e-06,1000,5,10000
c4bf3688-5b42-4f30-9778-80639a54d254,0.2,1.0000000000000002e-06,1000,5,10000
2f04bc53-21c5-4c91-9741-5dfb6ae92130,0.2,1.0000000000000002e-06,10000,5,10000
27be2d6b-7a01-4781-b1aa-519157f7eeb2,0.2,1.0000000000000002e-06,10000,5,10000
d1195f0e-16f1-43ce-9fa9-efbbba14db73,0.2,1.0000000000000002e-06,10000,5,10000
3722e303-279c-4b25-867b-70a2e08e4627,0.2,1.0000000000000002e-06,10000,5,10000
6b08447a-f14c-4825-9692-cfa626eaa1aa,0.2,1.0000000000000002e-06,10000,5,10000
ec42a9db-6987-4835-b434-63a31f7cd1c3,0.2,1.0000000000000002e-06,100000,5,10000
1e32dba1-22c7-4dea-9a29-d170f728d6fe,0.2,1.0000000000000002e-06,100000,5,10000
d9a5b227-bbb4-4755-a231-2e9c4874df32,0.2,1.0000000000000002e-06,100000,5,10000
1a574d35-ff85-4da7-a039-eaff64ff2c3d,0.2,1.0000000000000002e-06,100000,5,10000
56fd9e29-01c0-4120-ba84-762c93548405,0.2,1.0000000000000002e-06,100000,5,10000
621ce346-752f-428b-b1dc-f503ce5690e6,0.2,1e-05,1000,5,10000
d44bf311-eafc-4c9e-b649-84a4e68260eb,0.2,1e-05,1000,5,10000
c72092fb-536d-481b-9978-84c0b786bb96,0.2,1e-05,1000,5,10000
ab147269-9555-48bc-b6ba-aefb62a293a6,0.2,1e-05,1000,5,10000
173c40e6-0f56-417d-8513-b9f6d2975cf6,0.2,1e-05,1000,5,10000
1cbad4d0-d7a5-48db-863c-19a0f8cda1f5,0.2,1e-05,10000,5,10000
d6c9a20d-edd4-44ce-8343-f5dbcbe5fe3e,0.2,1e-05,10000,5,10000
9f4c1864-8d44-412a-a01c-74c331ce79e4,0.2,1e-05,10000,5,10000
4a3f9b06-7664-4ddb-97c6-38403bbe0192,0.2,1e-05,10000,5,10000
8e5f45fe-74f6-46a2-ad6f-8ce3c2ae44f7,0.2,1e-05,10000,5,10000
34707596-2590-4647-99bf-9caa82baefae,0.2,1e-05,100000,5,10000
41f6840f-8742-4c50-8f73-619521e2d235,0.2,1e-05,100000,5,10000
b9409890-5ae0-4c83-bacf-b2cbe6e942a2,0.2,1e-05,100000,5,10000
a7e395aa-8d9f-4bfb-b8b1-6329fa650d22,0.2,1e-05,100000,5,10000
a07efc06-988a-4635-84c4-dab2788ef529,0.2,1e-05,100000,5,10000
365c91f0-2432-4220-832b-39f2c2b19c46,0.2,0.0001,1000,5,10000
96b74631-b906-4508-bdc4-7265c87b3dc8,0.2,0.0001,1000,5,10000
a6538d85-01f2-4faf-b422-1483bac735fa,0.2,0.0001,1000,5,10000
a7d4b9e1-ce6e-4085-b738-7366e44c77ea,0.2,0.0001,1000,5,10000
ded084a5-c91c-45f6-a9e3-ee90c2a2fb30,0.2,0.0001,1000,5,10000
72eeb2fb-2a3f-42ce-8da1-54c3e1b73a09,0.2,0.0001,10000,5,10000
7fc7bcdc-1ab8-4192-8b73-35b55b2d16d9,0.2,0.0001,10000,5,10000
4b147e6c-14da-4554-988d-aa20259d450a,0.2,0.0001,10000,5,10000
df55c455-c764-4721-8ce4-5e6d24cf8980,0.2,0.0001,10000,5,10000
a606a8b2-670a-4e6a-a9a5-6c5b34f142c7,0.2,0.0001,10000,5,10000
5872b58a-6707-402d-a08d-14f91216d7b9,0.2,0.0001,100000,5,10000
3efcce1f-b04a-4406-9b3b-de041fa4c7dd,0.2,0.0001,100000,5,10000
f9e4b81b-63c6-4070-8c8e-3eef6ec1fbf2,0.2,0.0001,100000,5,10000
5cd3c78b-198d-4bee-bfb9-e2e99cb20fca,0.2,0.0001,100000,5,10000
a6142ae0-0f4c-474a-9327-84113b92e2e0,0.2,0.0001,100000,5,10000
e1c18915-ce9d-475c-9a53-36550f9b0ece,0.3,1.0000000000000002e-06,1000,5,10000
de98f721-1c9d-4e28-ad88-279339ebd6d9,0.3,1.0000000000000002e-06,1000,5,10000
cc364353-f690-46e2-a68b-8a1137440a60,0.3,1.0000000000000002e-06,1000,5,10000
36406421-f94b-4201-9b84-e53bc4a1a67a,0.3,1.0000000000000002e-06,1000,5,10000
d693f296-428b-4247-b886-e38358e04edd,0.3,1.0000000000000002e-06,1000,5,10000
73748afc-14cf-480d-b8da-f63d40af4b9f,0.3,1.0000000000000002e-06,10000,5,10000
d88680d7-a58b-4f79-8a06-3161620bfb28,0.3,1.0000000000000002e-06,10000,5,10000
685a782e-58c2-40f5-8e6f-761f86e79c7e,0.3,1.0000000000000002e-06,10000,5,10000
40380f50-b790-46fb-b07e-771e363a0904,0.3,1.0000000000000002e-06,10000,5,10000
0050cf66-9b2f-4bda-a86c-e02472007c57,0.3,1.0000000000000002e-06,10000,5,10000
4f44a7ff-e0c5-474f-ac44-a04be0f7ed97,0.3,1.0000000000000002e-06,100000,5,10000
989ee025-46df-42e3-b8db-e4842224772c,0.3,1.0000000000000002e-06,100000,5,10000
7966cb4e-19ce-408f-b865-ca592c4eea9c,0.3,1.0000000000000002e-06,100000,5,10000
f8c1d48d-8ba5-444c-8b72-572dc60ca0af,0.3,1.0000000000000002e-06,100000,5,10000
9d6c2da5-695a-4057-8279-8c397bd109cc,0.3,1.0000000000000002e-06,100000,5,10000
9c76cfa1-1c39-4d2e-9874-8facd0fe6bf3,0.3,1e-05,1000,5,10000
b4cc20ee-bc22-4775-986a-e080638ffe6d,0.3,1e-05,1000,5,10000
7fe3ad70-acba-4419-848d-57b89222076b,0.3,1e-05,1000,5,10000
9c7cd4ae-060a-42c5-9d18-71e5b61661a9,0.3,1e-05,1000,5,10000
1686c841-f13d-43db-9447-4bc49abd273b,0.3,1e-05,1000,5,10000
20785fa0-cf4f-47c7-b511-960e42f817f6,0.3,1e-05,10000,5,10000
9b9b8370-0b12-4404-90c3-11d7d331dbe2,0.3,1e-05,10000,5,10000
4351e260-7b78-4098-bf7b-40eb3dddcd75,0.3,1e-05,10000,5,10000
cda4c5dc-7172-4ce6-ab47-695ef5ddad71,0.3,1e-05,10000,5,10000
b2fd5606-0c56-4833-8f36-10a0aad2077c,0.3,1e-05,10000,5,10000
2b8e9279-be3a-4efc-90dd-0afd99b1466a,0.3,1e-05,100000,5,10000
d01e8934-1b57-4044-952f-d3dfd7a6459c,0.3,1e-05,100000,5,10000
780c1fb9-1672-43d0-a10d-03e09e91c6e7,0.3,1e-05,100000,5,10000
f1fc4550-361c-414a-ba56-4244857e42a0,0.3,1e-05,100000,5,10000
05b9cf55-5bb0-46b6-975f-e5a11a1e3103,0.3,1e-05,100000,5,10000
b71738cc-5c3b-490a-82af-239c8e5b94e3,0.3,0.0001,1000,5,10000
de6c2db1-dc5c-4601-a210-d39debda8966,0.3,0.0001,1000,5,10000
43223345-0215-4843-9798-70ee1935dca3,0.3,0.0001,1000,5,10000
64bf0471-b482-4965-a445-69ff2c89d260,0.3,0.0001,1000,5,10000
343a2664-205f-48db-9624-802898349717,0.3,0.0001,1000,5,10000
8733d9ae-4e42-4787-b99c-11a8e9f3fa4e,0.3,0.0001,10000,5,10000
f7c6c9df-5225-4e77-900d-80452e0fcf38,0.3,0.0001,10000,5,10000
cf3ee3b3-bb8b-4ad7-9321-23ae070cff12,0.3,0.0001,10000,5,10000
385fa386-0893-4d0b-b6ba-e032df66800c,0.3,0.0001,10000,5,10000
07000143-0802-4412-8f8b-7655cafb5a56,0.3,0.0001,10000,5,10000
695bfa6f-995f-490c-b2bd-c03aecf213a1,0.3,0.0001,100000,5,10000
31063f5c-6393-47d8-9c22-798e54cffc35,0.3,0.0001,100000,5,10000
7c12fcdc-8c86-41f6-ae58-c8823c3fb1bc,0.3,0.0001,100000,5,10000
9c509849-84b2-4851-896d-7f473a8e0490,0.3,0.0001,100000,5,10000
2351daf8-31cc-4066-a580-7320b89cdea5,0.3,0.0001,100000,5,10000
3411a15c-acf1-4e10-b939-9413f92556cc,0.4,1.0000000000000002e-06,1000,5,10000
7d21e2ee-73ee-4be2-85cb-8070409ef072,0.4,1.0000000000000002e-06,1000,5,10000
1443cf7e-b846-471f-9c56-64cd55845ffe,0.4,1.0000000000000002e-06,1000,5,10000
3b146941-e8bd-4a80-8327-a434b352d11a,0.4,1.0000000000000002e-06,1000,5,10000
6df33dfa-a32e-42e8-ac3c-fdf0941f98b3,0.4,1.0000000000000002e-06,1000,5,10000
fd1efff8-3634-4d7c-99a7-107a106fb573,0.4,1.0000000000000002e-06,10000,5,10000
8f94fd18-fcae-4375-a354-8e9db7e80294,0.4,1.0000000000000002e-06,10000,5,10000
538785cd-7726-44e4-bfb9-7d6e0d58850b,0.4,1.0000000000000002e-06,10000,5,10000
3541596e-07f2-40dc-b212-46cbec384aad,0.4,1.0000000000000002e-06,10000,5,10000
2be5dad7-ec9d-4f00-9f22-fb4b04d2f84e,0.4,1.0000000000000002e-06,10000,5,10000
6299075f-0a5d-4f32-82ed-e03a1ca9b9cc,0.4,1.0000000000000002e-06,100000,5,10000
14f38dba-5422-488d-bb3e-35daafd1e355,0.4,1.0000000000000002e-06,100000,5,10000
836efe30-a703-41b2-b0ff-22934dd06966,0.4,1.0000000000000002e-06,100000,5,10000
3bbeadf3-90d8-4729-a96c-60498f41370a,0.4,1.0000000000000002e-06,100000,5,10000
40c0f4e2-2b7d-48d0-b90a-a2b29d90b423,0.4,1.0000000000000002e-06,100000,5,10000
4616eedf-85f2-4ffd-8923-56097beaee85,0.4,1e-05,1000,5,10000
228d6dad-4ca4-4116-8348-c61bcc6b3d91,0.4,1e-05,1000,5,10000
5be1c03d-7a32-4f2d-858b-d03903c84715,0.4,1e-05,1000,5,10000
510ea433-7e73-4e4a-bce3-aa334eaf0d66,0.4,1e-05,1000,5,10000
3fc385b6-8f21-4049-ba8e-8cc380113cc0,0.4,1e-05,1000,5,10000
c6864f10-b6d6-4194-bc61-3d1eee88765b,0.4,1e-05,10000,5,10000
ccc46e21-4f2c-471a-9ec7-79af31f5a2da,0.4,1e-05,10000,5,10000
2655367d-39b8-45d4-9256-cc46b81395e5,0.4,1e-05,10000,5,10000
585ccfdd-4c57-470b-952b-1a47dadcc09e,0.4,1e-05,10000,5,10000
37be66ab-b042-48a9-a5fa-0ea43ec953df,0.4,1e-05,10000,5,10000
1f9976d0-a583-48c1-9977-7159b87349b6,0.4,1e-05,100000,5,10000
e5dc1ad5-b69c-4b7a-b74d-da9f08da6d82,0.4,1e-05,100000,5,10000
57f73e31-b5d2-4b2a-93c5-b141b7974bfb,0.4,1e-05,100000,5,10000
cdfd3f6e-7564-4a8e-b038-998aa35cb145,0.4,1e-05,100000,5,10000
f14e75d5-9ce2-4aaf-ad27-72b3344f0b72,0.4,1e-05,100000,5,10000
a479695d-12a2-4c7d-87d7-e20c5d009b7b,0.4,0.0001,1000,5,10000
4ac71b7b-b952-43ac-a7a0-0b90724d4a51,0.4,0.0001,1000,5,10000
3bf9e673-f916-4af8-adb6-22ffa4b67c06,0.4,0.0001,1000,5,10000
4b90db81-34ba-41b9-b0ed-cf7ae06ff7a1,0.4,0.0001,1000,5,10000
2be39a58-459f-468b-ac71-cddfbdb26981,0.4,0.0001,1000,5,10000
3cb4064d-b649-4426-a1f5-bcfc29b830a1,0.4,0.0001,10000,5,10000
df649bb7-d6e3-422a-a72c-9d2569381e0f,0.4,0.0001,10000,5,10000
e1820098-c837-485e-99c0-dc565c4ea636,0.4,0.0001,10000,5,10000
b162cdba-ee46-4420-b027-446d01a5fc29,0.4,0.0001,10000,5,10000
36066e75-0e28-4627-b31c-38e3e6bc4e10,0.4,0.0001,10000,5,10000
aa5fe53d-c18c-4840-bf1e-0e9310060551,0.4,0.0001,100000,5,10000
3a8eaad1-c2a8-4de2-9588-d9fb5ea47396,0.4,0.0001,100000,5,10000
035bd283-d92c-49f0-a8bc-1cd222d63d6e,0.4,0.0001,100000,5,10000
6019bfa1-e55a-4f3a-9b8a-b16b0330648b,0.4,0.0001,100000,5,10000
30694d7b-597f-4e57-ae33-8b8cbc984bc5,0.4,0.0001,100000,5,10000
3670d314-e187-476d-95c1-371a4d6f51a3,0.5,1.0000000000000002e-06,1000,5,10000
94709c3c-34cd-4623-8eed-38754899b47f,0.5,1.0000000000000002e-06,1000,5,10000
6843fce2-43fa-4087-87f9-60b8a6acf97d,0.5,1.0000000000000002e-06,1000,5,10000
4e569fc8-ded3-4fb7-9c75-aa9898f14b66,0.5,1.0000000000000002e-06,1000,5,10000
adf7d552-74bb-4416-95d8-fc3655462648,0.5,1.0000000000000002e-06,1000,5,10000
14494cfe-b54f-4918-a0ed-c0c9dfbbe15e,0.5,1.0000000000000002e-06,10000,5,10000
ebb9a5c7-ecf6-455e-a64a-0359440aedc2,0.5,1.0000000000000002e-06,10000,5,10000
e1f51060-1696-4e1d-9b86-05bda0341e75,0.5,1.0000000000000002e-06,10000,5,10000
4cbbe6de-c3b3-47de-b9e2-e4693b37e26b,0.5,1.0000000000000002e-06,10000,5,10000
41a810d6-91a8-488c-8050-0ea39051161c,0.5,1.0000000000000002e-06,10000,5,10000
37e98bd2-7252-4e00-9ee6-5e1215b5e2aa,0.5,1.0000000000000002e-06,100000,5,10000
3eac53e6-89c1-43ec-a0c0-198f48a26463,0.5,1.0000000000000002e-06,100000,5,10000
eb587b8b-3190-47f9-abb0-4e628730486b,0.5,1.0000000000000002e-06,100000,5,10000
b80fe427-142a-4bcc-ab11-5b3a33fbf1d7,0.5,1.0000000000000002e-06,100000,5,10000
79fbcb84-d4e7-4de1-9247-692be492f1cd,0.5,1.0000000000000002e-06,100000,5,10000
9e525c45-3cc8-41b7-8249-052a51adf094,0.5,1e-05,1000,5,10000
fda7eb4b-2f61-4e26-b6eb-df9a40849c93,0.5,1e-05,1000,5,10000
02ff27a5-e4cd-4cc5-89cf-9cf818fe0763,0.5,1e-05,1000,5,10000
b22ccd3c-9afe-47e1-aca7-c978f9eaef3b,0.5,1e-05,1000,5,10000
a0ce7dbd-91b5-417d-87c0-a3ad98eae2a3,0.5,1e-05,1000,5,10000
22a563a1-67d6-47c8-95cc-fe5e70409cfd,0.5,1e-05,10000,5,10000
fb590531-d4c1-4655-98e6-67dcac715c37,0.5,1e-05,10000,5,10000
a9e6bd40-5277-4f32-9fb1-a4291ae660a5,0.5,1e-05,10000,5,10000
dc64c892-d0e4-4103-88f8-91c88a2e8823,0.5,1e-05,10000,5,10000
22734923-04d9-4448-aa9a-6f3d7320beb3,0.5,1e-05,10000,5,10000
9e19acb7-c5fa-44ec-a6d2-7b91a3f7886a,0.5,1e-05,100000,5,10000
373f165c-f61d-445e-bce3-0932cd06dcf6,0.5,1e-05,100000,5,10000
9091514d-86cc-4a32-9f60-c89881c9ad4f,0.5,1e-05,100000,5,10000
4129eff4-984b-4a61-9845-ce91bb5f1fb1,0.5,1e-05,100000,5,10000
06a24344-da0d-4142-af4f-0c7baa8cee2b,0.5,1e-05,100000,5,10000
f9196867-406b-4463-8a93-e0398f94bbfd,0.5,0.0001,1000,5,10000
b442b3f2-329b-4863-8d87-24bbe3151358,0.5,0.0001,1000,5,10000
ec2b8c18-895b-4f7a-b2d8-d9e3749abced,0.5,0.0001,1000,5,10000
aa6963fb-f332-4b46-a807-ef3cff97f2b1,0.5,0.0001,1000,5,10000
93dce1d3-dd74-46db-bb16-6299afc1df7d,0.5,0.0001,1000,5,10000
826b56ae-85d7-4a45-870a-7cea25d64a72,0.5,0.0001,10000,5,10000
b069ef08-69f3-44e6-b504-88ddbb77a465,0.5,0.0001,10000,5,10000
fa7c4ccd-4e35-4b21-95a9-8e4fd90c458e,0.5,0.0001,10000,5,10000
db27cf80-1ecc-4eb1-bd97-e8ea787f9d1d,0.5,0.0001,10000,5,10000
f1672013-1cd4-45b3-98c7-b18fcbe2f0db,0.5,0.0001,10000,5,10000
eef15af6-f93f-4c1b-833c-a3def05a04ba,0.5,0.0001,100000,5,10000
309e3918-f75c-4624-87fd-a1339c017afc,0.5,0.0001,100000,5,10000
e9510127-4bf7-4ca4-91af-ad44849edf6e,0.5,0.0001,100000,5,10000
59e4ae21-875c-4819-ba7e-3d72edb8f5d1,0.5,0.0001,100000,5,10000
758e0093-39de-49c1-b852-06c7d34b8ec7,0.5,0.0001,100000,5,10000
5befe812-0ad9-495b-bc88-df4d12dac742,1,1.0000000000000002e-06,1000,5,10000
f78f7437-c866-4745-b193-e388383d1e55,1,1.0000000000000002e-06,1000,5,10000
5838d8b5-f415-4d74-ac6a-8fe8a3d45d6c,1,1.0000000000000002e-06,1000,5,10000
cc9a4ca6-1cd1-48af-a97f-d5573907093b,1,1.0000000000000002e-06,1000,5,10000
e0acb186-ad71-451d-9231-d1edfaf45ac9,1,1.0000000000000002e-06,1000,5,10000
a8aac1cb-661f-4001-be77-260a4150d8b0,1,1.0000000000000002e-06,10000,5,10000
ae157a94-bfc4-4f84-9d15-73f169c7e475,1,1.0000000000000002e-06,10000,5,10000
9d8da89b-c50e-44e2-ba46-b919b3624b2a,1,1.0000000000000002e-06,10000,5,10000
4a27c47d-d78e-4d1c-bc76-0a89cdac3012,1,1.0000000000000002e-06,10000,5,10000
e8427c4b-33f1-4f07-8c33-55bd0535ed64,1,1.0000000000000002e-06,10000,5,10000
20d73259-f5ca-4ccd-9e5f-d9350ebddfe6,1,1.0000000000000002e-06,100000,5,10000
7a2dcb86-4df7-45e6-a223-b51a15ab8aad,1,1.0000000000000002e-06,100000,5,10000
dfab104c-3435-4a05-a34a-6752353ad243,1,1.0000000000000002e-06,100000,5,10000
f29494cc-c024-4042-b7ab-5a87b20fd3fa,1,1.0000000000000002e-06,100000,5,10000
e3a4e386-c69a-433e-ba73-8dac80670058,1,1.0000000000000002e-06,100000,5,10000
96db9d03-54b3-4563-a397-91f585e7c825,1,1e-05,1000,5,10000
9ecdea1e-7ea3-4ea8-922e-f66e84ae8241,1,1e-05,1000,5,10000
7720e9d7-c3b5-47e5-a4de-5fd0d8b56dec,1,1e-05,1000,5,10000
00956052-d02f-49ce-aa75-e230611d9f79,1,1e-05,1000,5,10000
c1a62bea-f2b7-43db-9ba0-6ba0d64d8184,1,1e-05,1000,5,10000
8f2c6ce2-aaea-47b2-96e3-92ed0990e24b,1,1e-05,10000,5,10000
9eb9fd79-6ebb-4ba4-9deb-98328188fcc5,1,1e-05,10000,5,10000
eb6e8170-2730-4056-9eff-1138d9a58229,1,1e-05,10000,5,10000
ae5d97f3-e04f-4449-8c4a-4c87cc3d2ba8,1,1e-05,10000,5,10000
baaeed8d-e07d-4180-984e-b2203491fe70,1,1e-05,10000,5,10000
f542f01a-e4d8-4a79-b7f4-a2ca844094a9,1,1e-05,100000,5,10000
2ff84256-8725-4368-b7bc-dbca7df005b7,1,1e-05,100000,5,10000
22b19ecd-2ae7-4a3c-951c-1cb0f226d9b8,1,1e-05,100000,5,10000
4b5c9a12-d28a-4101-aa5a-fe9d42f5f5d6,1,1e-05,100000,5,10000
6183b173-7d9f-4b8c-81e3-342612584d5f,1,1e-05,100000,5,10000
35bf984f-ae24-4bef-a3c0-5a23ce2b212e,1,0.0001,1000,5,10000
6e61839d-3327-4fd0-b580-a33f5942f019,1,0.0001,1000,5,10000
7a9488d2-9f83-4e2d-a34e-fb807fad3850,1,0.0001,1000,5,10000
92f9edc4-1f5f-4a2e-804e-fbd3fbea8a2a,1,0.0001,1000,5,10000
cac6f25b-6c67-41ef-b1ed-1770412d421f,1,0.0001,1000,5,10000
1d2754e0-f67a-42e4-9c89-510cec0ce5f5,1,0.0001,10000,5,10000
7453878b-9737-489f-89c9-6984bf88b35f,1,0.0001,10000,5,10000
46387a07-5af7-4e66-b8e0-8c0f17326134,1,0.0001,10000,5,10000
7a2d518f-7d30-4ec5-ae2f-691972eb065a,1,0.0001,10000,5,10000
7219e5fb-e494-4835-aafc-d0644863d943,1,0.0001,10000,5,10000
ac004187-ce22-46f7-96b3-28ec9ddce04f,1,0.0001,100000,5,10000
cc4e136d-d997-4e3c-9364-cf4ff189bdee,1,0.0001,100000,5,10000
53bf0678-8b2e-4463-9658-63fdf3c0a282,1,0.0001,100000,5,10000
849aa97d-cf3f-4372-9b96-a357a8afcb6f,1,0.0001,100000,5,10000
300e85ca-a37e-452d-8994-8005d7baf98b,1,0.0001,100000,5,10000
fa242412-104e-4905-8800-d5d1c5fd89c2,0.1,1.0000000000000001e-07,10000,5,100000
ab038f75-a005-4d02-bacd-d998a4960b65,0.1,1.0000000000000001e-07,10000,5,100000
79febb98-33a0-4c19-959c-70b843437015,0.1,1.0000000000000001e-07,10000,5,100000
5b8c77bb-6f22-4677-8984-f88a0b1552ae,0.1,1.0000000000000001e-07,10000,5,100000
76eb8184-4ecb-41c7-8933-cc9716101d09,0.1,1.0000000000000001e-07,10000,5,100000
954be6c5-06bf-48f9-92f4-e85da1af8437,0.1,1.0000000000000001e-07,100000,5,100000
a6c9a124-89a5-490d-ad57-b8c6e6a2765b,0.1,1.0000000000000001e-07,100000,5,100000
f74f9911-0b0c-4691-8355-c66573baab88,0.1,1.0000000000000001e-07,100000,5,100000
9a3b4dab-9f84-4533-8c26-cfb636f1e3c9,0.1,1.0000000000000001e-07,100000,5,100000
b62db9fc-7609-4d5b-a378-a0d4f71a726d,0.1,1.0000000000000001e-07,100000,5,100000
8bbb45d3-ce0c-480f-807d-5b1f5948b0b5,0.1,1.0000000000000001e-07,1000000,5,100000
49861d61-f0a9-47ba-b1ba-1b84b2175f7f,0.1,1.0000000000000001e-07,1000000,5,100000
79581539-ec28-4055-ad48-16d5d70bf2c3,0.1,1.0000000000000001e-07,1000000,5,100000
ddea6165-ce21-4038-9272-7706f4a7ac75,0.1,1.0000000000000001e-07,1000000,5,100000
0b7be019-1259-4ecc-ae6e-c7429cbb9f7e,0.1,1.0000000000000001e-07,1000000,5,100000
197c0afa-787e-4516-98eb-999fee3ad4e5,0.1,1.0000000000000002e-06,10000,5,100000
a1eb4db8-66cd-4e3c-b401-57e1746f21bd,0.1,1.0000000000000002e-06,10000,5,100000
03eab9aa-7011-4739-b634-b80751593cf8,0.1,1.0000000000000002e-06,10000,5,100000
eb1ec656-1f24-4a22-83bc-ae25f654f618,0.1,1.0000000000000002e-06,10000,5,100000
362afc57-6d02-47d9-a0a5-bc7cb2b716e0,0.1,1.0000000000000002e-06,10000,5,100000
29457745-608f-4f26-8105-2a28a591b2c8,0.1,1.0000000000000002e-06,100000,5,100000
b455ffcc-b95c-4d18-9da8-2773ee4482c1,0.1,1.0000000000000002e-06,100000,5,100000
af40206f-8501-48fe-b280-7153f556a546,0.1,1.0000000000000002e-06,100000,5,100000
cfaccee3-e690-46b3-96ba-bbe02baed365,0.1,1.0000000000000002e-06,100000,5,100000
0d2bd6a6-2e2e-4166-a997-e6fd96379296,0.1,1.0000000000000002e-06,100000,5,100000
d806e641-12ad-441b-a1ae-a74908423693,0.1,1.0000000000000002e-06,1000000,5,100000
15fb622f-ee42-4e5f-8e48-1bb27b6532d8,0.1,1.0000000000000002e-06,1000000,5,100000
da7a5664-651a-4b71-ae78-961f34624bdb,0.1,1.0000000000000002e-06,1000000,5,100000
b0f0813a-62c8-49fb-bff9-944dc15e0cdd,0.1,1.0000000000000002e-06,1000000,5,100000
362d6d12-99ab-4f6e-975c-3e9c76e21aea,0.1,1.0000000000000002e-06,1000000,5,100000
4e4eaaba-314c-432d-90cb-17fcfa02080f,0.1,1e-05,10000,5,100000
33de347e-4dda-4065-a0a3-7bc46872ff7c,0.1,1e-05,10000,5,100000
353054fb-2540-402c-aebb-24ad11db27ab,0.1,1e-05,10000,5,100000
d7dbce50-3079-462a-8e48-1833704ae105,0.1,1e-05,10000,5,100000
c775673f-9d53-4b5a-a5a1-f96a17092a22,0.1,1e-05,10000,5,100000
49bb3b11-a923-45cb-a82f-9e58b8e51149,0.1,1e-05,100000,5,100000
7c3570b1-6d1c-4cd4-9fb0-d8a38c6707ce,0.1,1e-05,100000,5,100000
3dea40b6-5070-44af-b8b5-75dc66d1abc1,0.1,1e-05,100000,5,100000
1038cd16-cac7-4213-94c6-346ed68f022e,0.1,1e-05,100000,5,100000
73f38232-56b3-43c8-abdf-d1b6f2182e05,0.1,1e-05,100000,5,100000
cd163b0c-dec4-43fa-bafd-bb81e2133df2,0.1,1e-05,1000000,5,100000
d09ddd43-50ec-4385-bec9-2541390dda94,0.1,1e-05,1000000,5,100000
bcab53d3-39b8-4523-b560-8205f66ac7e1,0.1,1e-05,1000000,5,100000
732db554-6563-47fb-95a8-6714c8afc23a,0.1,1e-05,1000000,5,100000
02d1cf6b-203f-4d34-857e-0e24d86d1e55,0.1,1e-05,1000000,5,100000
48c1a357-8bbc-46c5-b7b8-b9ed34d3cc59,0.2,1.0000000000000001e-07,10000,5,100000
33bca981-9a7a-4e13-a14c-8801c0d242d0,0.2,1.0000000000000001e-07,10000,5,100000
c806746f-f71c-4993-bfd0-d37dea22208f,0.2,1.0000000000000001e-07,10000,5,100000
19e8aba7-994e-4d22-bd3b-d734ddeb1837,0.2,1.0000000000000001e-07,10000,5,100000
18e8abba-3d0e-4110-b23b-2eb0b1c4f637,0.2,1.0000000000000001e-07,10000,5,100000
7d94b73c-da6d-45f5-bf6e-a364d2d59bc5,0.2,1.0000000000000001e-07,100000,5,100000
40be3dfa-15ab-4ed3-96f9-b7220a4e7a06,0.2,1.0000000000000001e-07,100000,5,100000
2377c5c4-cbfd-40a5-b8d0-5da7079a9999,0.2,1.0000000000000001e-07,100000,5,100000
18bec8f6-2941-4052-8fff-05931d96e421,0.2,1.0000000000000001e-07,100000,5,100000
12c214dc-fe66-48bf-8670-693b4b42093b,0.2,1.0000000000000001e-07,100000,5,100000
bbc933cd-9277-4073-b9c3-2925e4d66311,0.2,1.0000000000000001e-07,1000000,5,100000
1e7fd560-6684-4369-8108-a423be75e1cd,0.2,1.0000000000000001e-07,1000000,5,100000
55991b39-219f-4531-96ca-114fe11a1406,0.2,1.0000000000000001e-07,1000000,5,100000
1bd43f8a-d661-4a0f-9300-9f32b3e3bae2,0.2,1.0000000000000001e-07,1000000,5,100000
4242de59-0f56-42e7-879e-f9b6c47b8cd9,0.2,1.0000000000000001e-07,1000000,5,100000
b125c432-cf76-436c-97d0-e91c96d1aaaf,0.2,1.0000000000000002e-06,10000,5,100000
ccbe4868-9065-4f08-8bf0-c5463b956b07,0.2,1.0000000000000002e-06,10000,5,100000
8a43b73c-7299-4dd0-8adc-897dc8e620f8,0.2,1.0000000000000002e-06,10000,5,100000
b62c34b7-227d-4b4e-b903-4782787bb301,0.2,1.0000000000000002e-06,10000,5,100000
82d85ca4-7146-4985-bb24-144a19559938,0.2,1.0000000000000002e-06,10000,5,100000
419c3ef1-e0e2-4500-9b7e-43729036f966,0.2,1.0000000000000002e-06,100000,5,100000
8d4c2469-20ba-444a-870e-2e88a12ff56d,0.2,1.0000000000000002e-06,100000,5,100000
f5c23574-ddcb-4d0a-9f05-c7363b136857,0.2,1.0000000000000002e-06,100000,5,100000
a1a75eb6-3abe-4fd3-a9c1-e89349a7e797,0.2,1.0000000000000002e-06,100000,5,100000
8cc3673d-b48a-4a78-b7a0-c6317cd04628,0.2,1.0000000000000002e-06,100000,5,100000
a53757cd-5d03-4e4d-bcd8-2d7fc1a7134c,0.2,1.0000000000000002e-06,1000000,5,100000
9b08fc4b-3c00-45bd-a1a1-c82a5bc8e0e9,0.2,1.0000000000000002e-06,1000000,5,100000
14774309-683e-4b95-b743-4e1cf04cfbea,0.2,1.0000000000000002e-06,1000000,5,100000
e2b79e06-8cb9-40fe-83ad-c476eedddce6,0.2,1.0000000000000002e-06,1000000,5,100000
2ed6b0d6-9005-488f-b9cb-aeb5eee91e0e,0.2,1.0000000000000002e-06,1000000,5,100000
60d91785-2d8c-456c-af1b-eba06539cdcc,0.2,1e-05,10000,5,100000
44e20166-9693-4a34-82cd-8964d5bf7762,0.2,1e-05,10000,5,100000
634183b8-c75c-4dbe-9433-dc9e212bee6d,0.2,1e-05,10000,5,100000
d39161ac-5c70-449d-9b48-e44308b90605,0.2,1e-05,10000,5,100000
4d6fc09f-94e0-4157-a663-658d32836922,0.2,1e-05,10000,5,100000
6663abfb-5a95-4db0-b37a-f9f850a17f96,0.2,1e-05,100000,5,100000
306c83bd-1486-4a95-bcca-d4674149d8cc,0.2,1e-05,100000,5,100000
72cb2efb-e2f0-45e9-908e-048ce1994ef4,0.2,1e-05,100000,5,100000
61895fe3-bbdf-437e-9f9f-ca9c2fcb553c,0.2,1e-05,100000,5,100000
47e01794-b9cd-4502-9d11-ab0c9c94106d,0.2,1e-05,100000,5,100000
6a948c11-ba89-490b-97a0-c641073773cc,0.2,1e-05,1000000,5,100000
04d5a003-463f-46d3-868f-c19edcb9b6d1,0.2,1e-05,1000000,5,100000
63a21181-5a95-4450-831c-ac8c82845ed8,0.2,1e-05,1000000,5,100000
b44c38a7-7963-47db-be7d-6accc2570679,0.2,1e-05,1000000,5,100000
cf95dcf2-e040-487c-97b0-4cdbb6fb33a5,0.2,1e-05,1000000,5,100000
e10828db-898a-4f18-8e98-6d97173eda25,0.3,1.0000000000000001e-07,10000,5,100000
76ca8a9c-721e-4d02-84b4-14c62eafd3e8,0.3,1.0000000000000001e-07,10000,5,100000
fb94c154-9631-4893-9ae4-10fb2a4f5b61,0.3,1.0000000000000001e-07,10000,5,100000
66578f24-677a-4727-b4af-3a0b8ca2afd7,0.3,1.0000000000000001e-07,10000,5,100000
d9f9279d-4f8b-46f0-967d-ddbda1245196,0.3,1.0000000000000001e-07,10000,5,100000
c5748e46-093c-40d4-8d08-0af82a21bc43,0.3,1.0000000000000001e-07,100000,5,100000
08ef6476-5cab-41f9-a3cf-4513b18031c3,0.3,1.0000000000000001e-07,100000,5,100000
14003235-2f40-4731-853b-93c479f4000f,0.3,1.0000000000000001e-07,100000,5,100000
d21d4783-1633-4023-bb7d-7265a2832652,0.3,1.0000000000000001e-07,100000,5,100000
37502e51-27cf-425a-82e6-ae6b6215b467,0.3,1.0000000000000001e-07,100000,5,100000
4d45590d-64b2-4d43-851e-b5b134758f05,0.3,1.0000000000000001e-07,1000000,5,100000
548987b5-c370-4f0d-be6b-c01b052aaa63,0.3,1.0000000000000001e-07,1000000,5,100000
3483e8ab-7ae8-48aa-9f02-af0781ec1df3,0.3,1.0000000000000001e-07,1000000,5,100000
c56eda13-d571-4257-98ef-955bf2b2229b,0.3,1.0000000000000001e-07,1000000,5,100000
64919020-a4d3-436e-9cfe-72de61570210,0.3,1.0000000000000001e-07,1000000,5,100000
95da455c-50ad-4dc1-9c5b-63198f9bb9f0,0.3,1.0000000000000002e-06,10000,5,100000
6b29005c-4d5e-4f4b-8d0e-3875b23a0049,0.3,1.0000000000000002e-06,10000,5,100000
af96f423-a2eb-4420-a6f3-e93fbf56280a,0.3,1.0000000000000002e-06,10000,5,100000
bb3f5b18-0ce4-4687-b21d-b4aad091eaff,0.3,1.0000000000000002e-06,10000,5,100000
dc91870d-a685-46c8-819f-bb0bb737842f,0.3,1.0000000000000002e-06,10000,5,100000
6b17a7de-f007-4153-bda2-ea4badaee620,0.3,1.0000000000000002e-06,100000,5,100000
cd6b9732-785d-4b43-9879-3365dce3411e,0.3,1.0000000000000002e-06,100000,5,100000
3693b6db-22d9-4cbb-a117-74af8a71e884,0.3,1.0000000000000002e-06,100000,5,100000
2894be44-40be-4e19-88d9-3a0232764b75,0.3,1.0000000000000002e-06,100000,5,100000
cce306b0-d9f7-4254-aca7-be3842aa8623,0.3,1.0000000000000002e-06,100000,5,100000
b0e6474a-156b-476b-bbed-9aa201d16e5b,0.3,1.0000000000000002e-06,1000000,5,100000
0b5320e0-270f-40b5-a2be-7a5deff6bdfe,0.3,1.0000000000000002e-06,1000000,5,100000
016898b6-cd04-4d7a-94f8-4b32cb246cce,0.3,1.0000000000000002e-06,1000000,5,100000
14f7a5fe-f3b8-47d2-bfa5-b3711435350f,0.3,1.0000000000000002e-06,1000000,5,100000
958f8d97-6f35-4536-8d1c-8b721cf8ec6a,0.3,1.0000000000000002e-06,1000000,5,100000
72be1b28-48bf-495b-b69a-69a6745e9c60,0.3,1e-05,10000,5,100000
067b9adc-e41d-430c-bae6-32691b93e5e9,0.3,1e-05,10000,5,100000
5c8fa21d-01fa-4053-aab7-9940c3b97435,0.3,1e-05,10000,5,100000
55537b9c-afe0-479b-ad1d-4c1ea97b0180,0.3,1e-05,10000,5,100000
00d07438-423f-4ab9-b462-f33ff96465ba,0.3,1e-05,10000,5,100000
295015ba-3268-44b3-abd3-f6f67978ebd1,0.3,1e-05,100000,5,100000
f0c08592-ff97-49d4-9ade-5f6cab7d5960,0.3,1e-05,100000,5,100000
14f9492c-6549-48a3-a560-3d16da492427,0.3,1e-05,100000,5,100000
c288f592-a6de-40ad-97ca-aabb708a34fc,0.3,1e-05,100000,5,100000
a24cdfb4-642d-46c6-ac7d-ac1d06302238,0.3,1e-05,100000,5,100000
6a0071c6-06ce-4471-b3c9-5ebcda8a0d5d,0.3,1e-05,1000000,5,100000
08140c63-3ab9-4a47-b015-998368c2d1bd,0.3,1e-05,1000000,5,100000
57602646-1528-44af-b930-9c6a5390ea6c,0.3,1e-05,1000000,5,100000
9e2b7628-9a1b-4fd6-b931-e822a30d8da1,0.3,1e-05,1000000,5,100000
6abdfd27-d0b2-45ca-8cd4-a9d9f2aea172,0.3,1e-05,1000000,5,100000
2cccfdd8-3c54-439f-ab5c-cf9c5a9d5c2a,0.4,1.0000000000000001e-07,10000,5,100000
d527b67b-1b71-4cf6-90fa-9635a14dfb87,0.4,1.0000000000000001e-07,10000,5,100000
de666e6e-1376-42e2-82d3-be19ba1ac8f4,0.4,1.0000000000000001e-07,10000,5,100000
32f03c90-23ef-4b99-9156-b21aea3bbc84,0.4,1.0000000000000001e-07,10000,5,100000
7fa9ae7d-31b9-4739-9c14-53200d8f774c,0.4,1.0000000000000001e-07,10000,5,100000
8c0e1e88-9deb-4ee3-b751-9418a79ccf0e,0.4,1.0000000000000001e-07,100000,5,100000
fbb0ac11-8b73-457e-8c0f-42a9b26568d0,0.4,1.0000000000000001e-07,100000,5,100000
df0dc502-dc7b-4098-9bce-d3bb6f0fb847,0.4,1.0000000000000001e-07,100000,5,100000
2df13114-0139-424c-aae0-a49bc7f9b3c6,0.4,1.0000000000000001e-07,100000,5,100000
80bbca2b-6b28-49e5-9851-318feb991388,0.4,1.0000000000000001e-07,100000,5,100000
0567d31c-18d8-43d0-9ac8-9fe566edf5db,0.4,1.0000000000000001e-07,1000000,5,100000
41023a9f-3f7e-42b6-ac42-463434c3e504,0.4,1.0000000000000001e-07,1000000,5,100000
19134a42-57b8-4389-b263-ded568d1256c,0.4,1.0000000000000001e-07,1000000,5,100000
1d7b1608-d859-400b-99ca-3b2f19c90a98,0.4,1.0000000000000001e-07,1000000,5,100000
e2037fbc-ca98-4207-9305-c02f8c7049e6,0.4,1.0000000000000001e-07,1000000,5,100000
cbff33e2-eeb5-4b16-bddb-dbe7d9b8a5a6,0.4,1.0000000000000002e-06,10000,5,100000
a97525b1-c832-44cd-9e76-40c443e58f14,0.4,1.0000000000000002e-06,10000,5,100000
feed0628-810c-4df0-9dc2-a5af1952102c,0.4,1.0000000000000002e-06,10000,5,100000
e697d5a3-6db4-4d3c-b257-a6cb55f5d0ae,0.4,1.0000000000000002e-06,10000,5,100000
95e926f8-82e8-4918-93e3-eb8de3286109,0.4,1.0000000000000002e-06,10000,5,100000
42e19e93-59c3-459f-bdf4-465b4347b261,0.4,1.0000000000000002e-06,100000,5,100000
99079e49-23d6-4d0d-9309-a4ff620b3c7d,0.4,1.0000000000000002e-06,100000,5,100000
160c5b10-0170-423a-8386-04ffc8ebd23c,0.4,1.0000000000000002e-06,100000,5,100000
0e2381cd-f767-4907-9327-a4dc396a5217,0.4,1.0000000000000002e-06,100000,5,100000
ac3195db-a978-49c2-83ed-9741c3ab59f7,0.4,1.0000000000000002e-06,100000,5,100000
78fbe408-598e-4129-88a3-ca235aef5c6f,0.4,1.0000000000000002e-06,1000000,5,100000
91563da7-dd71-417d-9f0c-3720b0c3c49d,0.4,1.0000000000000002e-06,1000000,5,100000
afe52557-bb82-4481-9cbe-6d881e7a782c,0.4,1.0000000000000002e-06,1000000,5,100000
9e1545cf-bb02-44b2-b525-d6ed739f4373,0.4,1.0000000000000002e-06,1000000,5,100000
ab7b7491-2887-4329-ae5c-c8b5372f2f78,0.4,1.0000000000000002e-06,1000000,5,100000
38a61fe8-6162-4c6b-b7d1-0b55b1dd9d68,0.4,1e-05,10000,5,100000
d6431089-ca5c-44e4-b539-8a243a2629a9,0.4,1e-05,10000,5,100000
e2ff673d-c79a-4fcf-9e31-b1d6dd9acaa4,0.4,1e-05,10000,5,100000
24067c37-4ef3-46a1-af4d-d6e9c221d34b,0.4,1e-05,10000,5,100000
0fdf8f16-7652-4c25-94e3-7fb657ff852a,0.4,1e-05,10000,5,100000
e05150cf-fd75-4810-99af-f12d1dcc17ce,0.4,1e-05,100000,5,100000
0530493f-0009-4708-8aa7-e366b25cf3ac,0.4,1e-05,100000,5,100000
9da4077a-2365-455a-aa88-1dc2fc32388f,0.4,1e-05,100000,5,100000
6ad884f8-985e-41c5-8b1a-d7719b4a814c,0.4,1e-05,100000,5,100000
49524f34-a954-471d-851d-03fe57a55cb6,0.4,1e-05,100000,5,100000
d557c2dc-2e45-4803-b3be-f7b4a5e3ee83,0.4,1e-05,1000000,5,100000
4c60ca61-aa42-4765-a007-fc4925e6f561,0.4,1e-05,1000000,5,100000
73946be8-3b17-48e8-b0de-f647d27bac99,0.4,1e-05,1000000,5,100000
c4a25dbe-44d5-4004-87c1-f59bcc7bfe36,0.4,1e-05,1000000,5,100000
8ecd86ab-3419-427c-b882-a8714aed7ab0,0.4,1e-05,1000000,5,100000
0ccd3b2d-e3ac-4f9e-895a-6625a7c211ed,0.5,1.0000000000000001e-07,10000,5,100000
8b3b8b57-6145-4951-9623-4795344f8b5a,0.5,1.0000000000000001e-07,10000,5,100000
38789653-65fe-45b5-9058-ed3a38e4ce4f,0.5,1.0000000000000001e-07,10000,5,100000
097771c0-a7d6-4a9f-9a10-2a559ab84546,0.5,1.0000000000000001e-07,10000,5,100000
4277f7a9-a19b-4c81-82b8-06d53bf0216f,0.5,1.0000000000000001e-07,10000,5,100000
87f99d7e-4086-4a14-b1b7-46a7080109f2,0.5,1.0000000000000001e-07,100000,5,100000
c138ee26-442c-4e65-abfb-086a46922855,0.5,1.0000000000000001e-07,100000,5,100000
4ef909d2-181f-48d2-b8df-fff1e0468764,0.5,1.0000000000000001e-07,100000,5,100000
117ca634-1263-4b03-aa37-5e50cc2abc9a,0.5,1.0000000000000001e-07,100000,5,100000
09297815-153f-4963-a1a7-791c28f95d98,0.5,1.0000000000000001e-07,100000,5,100000
52ffc4e9-1401-402e-909f-b35731ee492f,0.5,1.0000000000000001e-07,1000000,5,100000
a23998d3-32b7-4f21-81f6-7157bfb8ada0,0.5,1.0000000000000001e-07,1000000,5,100000
578827e4-3117-4ee8-b083-b00be2ffd5c1,0.5,1.0000000000000001e-07,1000000,5,100000
f8913ff4-e3a2-445b-a595-519d2ed1e3b7,0.5,1.0000000000000001e-07,1000000,5,100000
fc74cc12-60f7-45cc-a6ba-ff0c5090ba51,0.5,1.0000000000000001e-07,1000000,5,100000
1ea283fa-6569-4a5b-9397-46a30a4c4b4d,0.5,1.0000000000000002e-06,10000,5,100000
55176264-ae2f-4a4e-967b-2ff2749d0690,0.5,1.0000000000000002e-06,10000,5,100000
5292f3d3-f2dc-416f-b6ba-b5a2e2745188,0.5,1.0000000000000002e-06,10000,5,100000
426bb2ce-ab51-4c20-aef3-07133775f201,0.5,1.0000000000000002e-06,10000,5,100000
fbefe2df-3238-4775-9757-8411de630613,0.5,1.0000000000000002e-06,10000,5,100000
b7b014c8-8ed0-4b02-9526-e1b3a26d7944,0.5,1.0000000000000002e-06,100000,5,100000
9f80c832-6347-4be4-bb08-a32505c02349,0.5,1.0000000000000002e-06,100000,5,100000
994aa3cb-d3e8-4948-ad98-57495d066b36,0.5,1.0000000000000002e-06,100000,5,100000
0d637616-c6f9-45e6-b10b-ecdad965dd65,0.5,1.0000000000000002e-06,100000,5,100000
df400cee-f7b4-4dfb-b18a-8ee8a3d8148b,0.5,1.0000000000000002e-06,100000,5,100000
209338ce-00ac-4f6a-9bd0-3905bd2780f9,0.5,1.0000000000000002e-06,1000000,5,100000
32ad54a6-9502-481e-9d69-9d1635c8104f,0.5,1.0000000000000002e-06,1000000,5,100000
855d352d-6e4f-46b8-9d1e-6aea5215eab7,0.5,1.0000000000000002e-06,1000000,5,100000
94949a8f-327b-4e4a-b394-da2a0cb996eb,0.5,1.0000000000000002e-06,1000000,5,100000
85d6cca2-a621-4e43-88bc-7bfd4b704c5b,0.5,1.0000000000000002e-06,1000000,5,100000
44964f7a-aefa-4d0c-a2d6-b09a1806e05e,0.5,1e-05,10000,5,100000
14dd72e7-927a-4567-a6b2-3e257f450b33,0.5,1e-05,10000,5,100000
f53f9c3f-09ab-4465-b50a-45e70d808272,0.5,1e-05,10000,5,100000
461738c6-0a6c-4ba8-aa31-6d247a48c1a3,0.5,1e-05,10000,5,100000
46d9f4d2-98cc-43db-a93b-8df3ee72188c,0.5,1e-05,10000,5,100000
c758244c-a4e8-4d58-8b23-9a1277ea5882,0.5,1e-05,100000,5,100000
dcff49f0-cd82-4242-a9a3-c6e3deb524e1,0.5,1e-05,100000,5,100000
58a55568-8c01-45af-a48b-3f72ba7ffa84,0.5,1e-05,100000,5,100000
ab29e0f6-893d-463f-9688-bfe138e05158,0.5,1e-05,100000,5,100000
bb108fb2-faca-437f-9548-0341a1f93808,0.5,1e-05,100000,5,100000
03e0a578-da98-467c-8f00-6af2dbd7fe37,0.5,1e-05,1000000,5,100000
e9181664-daa1-4c88-8f14-c2920c51563a,0.5,1e-05,1000000,5,100000
3e9652ac-f651-4e7d-8596-8741b79cd517,0.5,1e-05,1000000,5,100000
c84ebcb2-e566-48eb-8dca-44446303359b,0.5,1e-05,1000000,5,100000
c9cbf6da-0b16-4d4e-b6a0-d8c1ae6f8dba,0.5,1e-05,1000000,5,100000
a11d2af3-08d4-4d6d-a329-c221a8730fe9,1,1.0000000000000001e-07,10000,5,100000
96c508e1-657b-4db2-9070-81b7067b7953,1,1.0000000000000001e-07,10000,5,100000
38153682-4228-4d84-af1e-a444f764581f,1,1.0000000000000001e-07,10000,5,100000
c13f057f-79b9-4fd6-9a04-f9bf5f25e43b,1,1.0000000000000001e-07,10000,5,100000
2de24619-13e0-4236-9249-6e1988dd0393,1,1.0000000000000001e-07,10000,5,100000
837767da-da05-4e35-973a-91ad5e82e21e,1,1.0000000000000001e-07,100000,5,100000
2f6e2ce9-458e-479c-a864-af7aec38c848,1,1.0000000000000001e-07,100000,5,100000
526f0d7d-2cf3-4970-9761-aa3de29eceeb,1,1.0000000000000001e-07,100000,5,100000
994327e7-3803-49da-960d-b109cac3a983,1,1.0000000000000001e-07,100000,5,100000
5d20c541-f0ea-4f26-9a32-3213431c25f2,1,1.0000000000000001e-07,100000,5,100000
e54974b3-710e-49a9-b09d-5a84e3861d20,1,1.0000000000000001e-07,1000000,5,100000
5be4328a-b704-4a66-a41b-5db95354f1d1,1,1.0000000000000001e-07,1000000,5,100000
178af87d-f813-4258-94f1-3499d0945e8b,1,1.0000000000000001e-07,1000000,5,100000
9bc143b6-2d8e-4f8a-82cd-92738e1c4a2f,1,1.0000000000000001e-07,1000000,5,100000
b3f6ccfa-9a79-4735-98fa-f2e7f34f44ad,1,1.0000000000000001e-07,1000000,5,100000
eb17e68f-9e30-4a40-84c6-e1956bb19cf8,1,1.0000000000000002e-06,10000,5,100000
32ff8e88-3bfa-40a4-ac32-9fd77556a597,1,1.0000000000000002e-06,10000,5,100000
37a910e1-98c7-443d-9d91-c2d6f3e9aabf,1,1.0000000000000002e-06,10000,5,100000
9be22fc8-ed75-49ee-a491-0e9d4fcbb197,1,1.0000000000000002e-06,10000,5,100000
453cdfb8-d266-4360-85bc-07d9fa17acf7,1,1.0000000000000002e-06,10000,5,100000
99e1d4f9-0a4c-43db-9b27-bfe7e5b05701,1,1.0000000000000002e-06,100000,5,100000
10d7abc2-0543-4e23-b757-768127c3b960,1,1.0000000000000002e-06,100000,5,100000
afc23880-1b86-489d-bc48-ebb8d4a9f2ef,1,1.0000000000000002e-06,100000,5,100000
6f59b1dd-a143-4ab8-851d-a9993109276a,1,1.0000000000000002e-06,100000,5,100000
79eb06c1-174d-43d0-b833-d324c16abbf6,1,1.0000000000000002e-06,100000,5,100000
45e5b766-3d92-44b3-a5ca-0cc7ea77e0e0,1,1.0000000000000002e-06,1000000,5,100000
81ad249f-752c-480e-9424-39779df3d43f,1,1.0000000000000002e-06,1000000,5,100000
994b054a-4918-48e4-9cd7-ae7cb30dcbf1,1,1.0000000000000002e-06,1000000,5,100000
9dba16a4-38fc-4b3a-b72b-67f0aadf6903,1,1.0000000000000002e-06,1000000,5,100000
2ae9d23b-0bec-41be-99b5-1fc96293cf21,1,1.0000000000000002e-06,1000000,5,100000
4779629a-8b5f-4ce0-80c2-a6d3d3a87d36,1,1e-05,10000,5,100000
d1875706-f4dd-4127-a855-361659c0e56e,1,1e-05,10000,5,100000
4281351a-bed4-41a2-a24c-7fc19abdc3d5,1,1e-05,10000,5,100000
3996f141-6240-4d4a-b522-22168ec664e6,1,1e-05,10000,5,100000
6012945a-6730-497b-a4ce-0d979035c69e,1,1e-05,10000,5,100000
14bc6bc5-637e-4d5f-a0f0-773483578d69,1,1e-05,100000,5,100000
06c5b09c-751d-4ad3-a0d9-9a954fb67cc5,1,1e-05,100000,5,100000
8d7ca324-c82b-4028-b44a-3ffa3611b795,1,1e-05,100000,5,100000
4e3fb484-7104-4536-bf4c-44aeada3878e,1,1e-05,100000,5,100000
1ff2979d-d56a-41e4-9203-34d949424044,1,1e-05,100000,5,100000
8dd55373-43b8-4777-a724-50e3eafc7a1e,1,1e-05,1000000,5,100000
37dfda23-ffda-4231-9901-9c17603fad6e,1,1e-05,1000000,5,100000
0e01342a-19bb-4996-a77c-3435a7d5e337,1,1e-05,1000000,5,100000
77038c47-32f9-4027-ba20-7eabd61caa89,1,1e-05,1000000,5,100000
a737ceae-8210-4305-b759-70c6ea493a74,1,1e-05,1000000,5,100000
